Yurt Adı	Şehir	İlçe	Tür	Kapasite

100. YIL ÖĞRENCİ YURDU	Tunceli	Tunceli/Merkez	Kız	—
12 ŞUBAT ÖĞRENCİ YURDU MÜDÜRLÜĞÜ	Kahramanmaraş	Onikişubat	Kız	0(344) 503-63-33
1453 ÖĞRENCİ YURDU	İstanbul	Esenyurt	Kız	0(212) 620-10-34
25 ARALIK ÖĞRENCİ YURDU MÜDÜRLÜĞÜ	Gaziantep	Şahinbey	Karma	—
5 TEMMUZ ÖĞRENCİ YURDU	Hatay	İskenderun	Kız	—
ABANA ÖĞRENCİ YURDU	Kastamonu	Abana	Erkek	—
ABDULLAH SABRİ EFENDİ ÖĞRENCİ YURDU	Zonguldak	Kozlu	Erkek	0(372) 220-09-95
ABDURRAHMAN GÜRSES ÖĞRENCİ YURDU	Sakarya	Hendek	Erkek	—
ABDURRAHMANGAZİ ÖĞRENCİ YURDU	Erzurum	Yakutiye	Kız	0(442) 502-02-63
ABDURRAHİM ARVASİ ÖĞRENCİ YURDU	Ağrı	Ağrı/Merkez	Kız	0(472) 215-92-99
ABDÜLKADİR GÜLLÜOĞLU ÖĞRENCİ YURDU	Gaziantep	Şehitkamil	Karma	0(342) 502-04-39
ABDÜRRAHİM MISRİ ÖĞRENCİ YURDU	Afyonkarahisar	Afyonkarahisar/Merkez	Erkek	0(272) 502-07-81
ADANA ÖĞRENCİ YURDU	Adana	Sarıçam	Erkek	—
ADIYAMAN YURDU	Adıyaman	Adıyaman/Merkez	Kız	—
ADNAN DEMİRTÜRK YURDU	Trabzon	Vakfıkebir	Karma	—
ADİLCEVAZ ÖĞRENCİ YURDU	Bitlis	Adilcevaz	Karma	—
ADİLE SULTAN ÖĞRENCİ YURDU	Çanakkale	Çanakkale/Merkez	Erkek	0(286) 218-11-58
AFYON YURDU	Afyonkarahisar	Afyonkarahisar/Merkez	Erkek	0(272) 212-46-42
AFYON-TINAZTEPE ÖĞRENCİ YURDU	Afyonkarahisar	Afyonkarahisar/Merkez	Erkek	0(272) 502-03-33
AFYON-ÇİĞİLTEPE KIZ ÖĞRENCİ YURDU	Afyonkarahisar	Afyonkarahisar/Merkez	Kız	—
AFİFE ÖĞRENCİ YURDU	Hakkâri	Hakkari/Merkez	Kız	0(438) 211-90-09
AFŞİN ÖĞRENCİ YURDU	Kahramanmaraş	Afşin	Karma	0(344) 511-21-50
AHMET BİCAN ÖĞRENCİ YURDU	Çanakkale	Biga	Erkek	0(286) 316-63-31
AHMET CEVDET PAŞA ÖĞRENCİ YURDU	Kırklareli	Kırklareli/Merkez	Erkek	0(288) 502-00-16
AHMET EFENDİ ÖĞRENCİ YURDU	Yozgat	Yozgat/Merkez	Erkek	0(354) 290-16-16
AHMET HAMDİ AKSEKİ ÖĞRENCİ YURDU	Antalya	Kepez	Erkek	—
AHMET KABAKLI ÖĞRENCİ YURDU	Elazığ	Elazığ/Merkez	Erkek	—
AHMET KUDDUSİ ÖĞRENCİ YURDU	Niğde	Bor	Erkek	—
AHMET TEVFİK İLERİ ÖĞRENCİ YURDU	Rize	Rize/Merkez	Erkek	—
AHMET YAŞAR EFENDİ YURDU	Trabzon	Ortahisar	Erkek	0(462) 502-02-98
AHMET ZİYAÜDDİN GÜMÜŞHANEVİ ÖĞRENCİ YURDU	Gümüşhane	Gümüşhane/Merkez	Erkek	0(456) 233-70-22
AKADEMİ ÖĞRENCİ YURDU	Konya	Selçuklu	Kız	0(332) 503-57-87
AKDAĞMADENİ YURDU	Yozgat	Akdağmadeni	Karma	0(354) 314-42-85
AKDENİZ YURDU	Antalya	Konyaaltı	Kız	0(242) 226-20-03
AKHİSAR ÖĞRENCİ YURDU	Manisa	Akhisar	Karma	—
AKKADIN HACI MUSTAFA TARMAN KIZ YURDU	İstanbul	Kadıköy	Kız	0(216) 567-23-39
AKSARAY ERKEK YURDU	Aksaray	Aksaray/Merkez	Erkek	0(382) 215-89-67
AKSARAY KIZ YURDU	Aksaray	Aksaray/Merkez	Kız	0(382) 505-01-05
AKSARAY-CEMALEDDİN AKSARAY-İ ÖGRENCİ YURDU	Aksaray	Aksaray/Merkez	Kız	0(382) 215-01-05
AKYAZI ÖĞRENCİ YURDU	Sakarya	Akyazı	Karma	0(264) 418-10-15
AKÇA HATUN ÖĞRENCİ YURDU MÜDÜRLÜĞÜ	Yalova	Yalova/Merkez	Kız	0(226) 502-05-63
AKÇAABAT-FATİH YURDU	Trabzon	Akçaabat	Erkek	—
AKÇAKOCA YURDU	Düzce	Akçakoca	Karma	0(380) 611-49-85
AKÖREN ÖĞRENCİ YURDU	Konya	Akören	Karma	0(332) 461-24-22
AKŞEHİR YURDU	Konya	Akşehir	Kız	0(332) 824-85-85
ALAADDİN KEYKUBAT YURDU	Antalya	Alanya	Kız	—
ALAADDİN YURDU	Konya	Selçuklu	Erkek	0(332) 241-01-17
ALACA ÖĞRENCİ YURDU	Çorum	Alaca	Karma	0(364) 502-09-45
ALANYA TERKEN HATUN ÖĞRENCİ YURDU	Antalya	Alanya	Kız	—
ALANYA ÖĞRENCİ YURDU	Antalya	Alanya	Erkek	—
ALAPLI ÖĞRENCİ YURDU	Zonguldak	Alaplı	Karma	0(372) 378-21-69
ALAÇAM ÖĞRENCİ YURDU	Samsun	Alaçam	Karma	—
ALAŞEHİR YURDU	Manisa	Alaşehir	Karma	0(236) 653-71-38
ALUCRA YURDU	Giresun	Alucra	Karma	0(454) 777-00-07
ALİ FUAT BAŞGİL ÖĞRENCİ YURDU	Samsun	Atakum	Erkek	—
ALİ FUAT CEBESOY ÖĞRENCİ YURDU	Kocaeli	İzmit	Erkek	0(262) 325-8850
ALİ PAŞA ÖĞRENCİ YURDU	Tokat	Tokat/Merkez	Karma	0(356) 229-10-74
ALİ ULVİ KURUCU ÖĞRENCİ YURDU	Konya	Selçuklu	Kız	0(332) 261-05-61
ALİME HATUN ÖĞRENCİ YURDU	Aksaray	Aksaray/Merkez	Kız	0(382) 216-17-01
ALİYA İZZETBEGOVİÇ ÖĞRENCİ YURDU	İstanbul	Maltepe	Kız	0(216) 766-44-31
ALİYE İZZET BEGOVİÇ ÖĞRENCİ YURDU	Düzce	Düzce/Merkez	Erkek	0(380) 526-10-05
AMASYA YURDU	Amasya	Amasya/Merkez	Erkek	—
AMASYA-YEŞİLIRMAK YURDU	Amasya	Amasya/Merkez	Kız	0(358) 252-77-84
AMİNE HATUN ÖĞRENCİ YURDU	Van	Tuşba	Kız	—
ANADOLU YURDU	Konya	Selçuklu	Kız	—
ANAMUR ÖĞRENCİ YURDU	Mersin	Anamur	Karma	—
ANKARA HACI BAYRAM VELİ YURDU	Ankara	Çankaya	Kız	—
ANTAKYA YURDU	Hatay	Antakya	Kız	0(326) 267-31-17
ARABAN ÖĞRENCİ YURDU	Gaziantep	Araban	Kız	—
ARAPGİR YURDU	Malatya	Arapgir	Karma	0(422) 811-24-25
ARDAHAN YURDU	Ardahan	Ardahan/Merkez	Kız	0(478) 211-59-66
ARDEŞEN ÖĞRENCİ YURDU	Rize	Ardeşen	Karma	0(464) 715-19-88
ARSLAN BEY ÖĞRENCİ YURDU	Kütahya	Tavşanlı	Karma	0(274) 614-56-26
ARTOVA ÖĞRENCİ YURDU	Tokat	Artova	Karma	—
ARTVİN YURDU	Artvin	Artvin/Merkez	Erkek	0(466) 212-81-58
ARİF NİHAT ASYA ÖĞRENCİ YURDU	Sakarya	Serdivan	Erkek	—
ASIM'IN NESLİ ÖĞRENCİ YURDU	Burdur	Burdur/Merkez	Erkek	0(248) 277-20-60
ASİYE HATUN ÖĞRENCİ YURDU	Karabük	Karabük/Merkez	Kız	0(370) 433-44-49
ATABEY YURDU	Isparta	Atabey	Karma	0(246) 271-30-31
ATAKUM YURDU(SAMSUN)	Samsun	Atakum	Erkek	0(362) 437-98-63
ATATÜRK ÖĞRENCİ YURDU	İstanbul	Zeytinburnu	Kız	0(212) 546-23-36
ATATÜRK(İNCİRALTI) YURDU	İzmir	Balçova	Erkek	0(232) 259-01-12
AVANOS ÖĞRENCİ YURDU	Nevşehir	Avanos	Karma	0(384) 511-27-62
AVCILAR-ATATÜRK KIZ YURDU	İstanbul	Avcılar	Kız	0(212) 421-33-55
AYANCIK ÖĞRENCİ YURDU	Sinop	Ayancık	Karma	0(368) 613-46-32
AYAŞ ÖĞRENCİ YURDU	Ankara	Ayaş	Karma	—
AYBÜKE ÖĞRETMEN YURDU	Iğdır	Iğdır/Merkez	Kız	—
AYDER ÖĞRENCİ YURDU	Rize	Rize/Merkez	Kız	—
AYDIN-ADNAN MENDERES ÖĞRENCİ YURDU	Aydın	Efeler	Erkek	—
AYDOĞAN AYDIN ÖĞRENCİ YURDU	Tokat	Tokat/Merkez	Erkek	0(356) 252-16-51
AYHAN SONGAR ÖĞRENCİ YURDU	Balıkesir	Bandırma	Erkek	0(266) 715-20-04
AYVALIK ÖĞRENCİ YURDU	Balıkesir	Ayvalık	Karma	0(266) 331-06-00
AYŞE HAFSA SULTAN ÖĞRENCİ YURDU	Manisa	Yunusemre	Erkek	0(236) 246-71-01
AYŞE HÜMAŞAH SULTAN ÖĞRENCİ YURDU	Nevşehir	Nevşehir/Merkez	Kız	—
AYŞE HÜMEYRA ÖKTEN ÖĞRENCİ YURDU	Sakarya	Serdivan	Kız	0(264) 502-10-00
AZİZ HÜSEYİN GÖKÇE ÖĞRENCİ YURDU	Giresun	Keşap	Karma	0(454) 666-22-22
AZİZ SANCAR ÖĞRENCİ YURDU	Mardin	Midyat	Karma	—
AZİZİYE ÖĞRENCİ YURDU	Erzurum	Aziziye	Erkek	0(442) 328-00-08
AĞLARBABA ÖĞRENCİ YURDU	Bayburt	Bayburt/Merkez	Kız	0(458) 250-18-67
AĞRI YURDU	Ağrı	Ağrı/Merkez	Kız	0(472) 215-26-37
AĞRI-AHMED-İ HANİ ÖĞRENCİ YURDU	Ağrı	Ağrı/Merkez	Erkek	0(472) 215-30-56
AİŞE ANA ÖĞRENCİ YURDU	Karabük	Safranbolu	Kız	0(370) 502-08-18
AİŞE SIDDIKA ÖĞRENCİ YURDU	Van	Tuşba	Erkek	0(432) 225-11-69
AŞKALE YURDU	Erzurum	Aşkale	Karma	—
BABAESKİ ÖĞRENCİ YURDU	Kırklareli	Babaeski	Kız	0(288) 502-00-24
BACIM SULTAN ÖĞRENCİ YURDU	Afyonkarahisar	Afyonkarahisar/Merkez	Kız	0(272) 228-15-21
BAFRA MİLLİ PİYANGO YURDU	Samsun	Alaçam	Karma	—
BAHARZADE FERİDE HANIM ÖĞRENCİ YURDU	Kastamonu	Kastamonu/Merkez	Kız	—
BAHÇEKÖY ÖĞRENCİ YURDU	İstanbul	Sarıyer	Erkek	0(212) 223-04-68
BAHÇELİEVLER YENİBOSNA ÖĞRENCİ YURDU	İstanbul	Bahçelievler	Kız	0(212) 803-12-55
BAKIRÇAY ERKEK ÖĞRENCİ YURDU	İzmir	Menemen	Erkek	—
BAKIRÇAY KIZ ÖĞRENCİ YURDU	İzmir	Menemen	Kız	—
BALA HATUN ÖĞRENCİ YURDU	Eskişehir	Odunpazarı	Kız	0(222) 239-66-87
BALIKESİR YURDU	Balıkesir	Bigadiç	Kız	0(266) 502-41-12
BALLICA ÖĞRENCİ YURDU	Tokat	Tokat/Merkez	Kız	0(356) 250-00-01
BANDIRMA ÖĞRENCİ YURDU	Balıkesir	Bandırma	Kız	0(266) 721-30-88
BARBAROS HAYRETTİN PAŞA YURT MÜDÜRLÜĞÜ	İzmir	Buca	Erkek	—
BARTIN YURDU	Bartın	Bartın/Merkez	Kız	0(378) 228-37-27
BARTIN ÇEŞM-İ CİHAN ÖĞRENCİ YURDU (YENİ)	Bartın	Bartın/Merkez	Kız	—
BATIKENT ERGAZİ YURDU	Ankara	Yenimahalle	Kız	—
BATMAN KIZ ÖĞRENCİ YURDU	Batman	Batman/Merkez	Kız	0(488) 231-00-52
BATTALGAZİ ÖĞRENCİ YURDU	Malatya	Battalgazi	Kız	0(422) 311-11-45
BAYAT ÖĞRENCİ YURDU	Afyonkarahisar	Afyonkarahisar/Merkez	Karma	0(272) 491-33-15
BAYBURT ÖĞRENCİ YURDU	Bayburt	Bayburt/Merkez	Erkek	—
BAYRAKLI ÖĞRENCİ YURDU	İzmir	Bayraklı	Kız	—
BAĞLICA ÖĞRENCİ YURDU	Ankara	Etimesgut	Kız	0(312) 234-20-09
BAŞHİSAR ÖĞRENCİ YURDU	Nevşehir	Ürgüp	Erkek	—
BEDİÜZZAMAN SAİD NURSİ ÖĞRENCİ YURDU	Isparta	Isparta/Merkez	Kız	0(246) 502-31-21
BEKİLLİ YURDU	Denizli	Bekilli	Karma	0(258) 791-28-11
BERGAMA ÖĞRENCİ YURDU	İzmir	Bergama	Karma	0(232) 202-40-60
BERİN MENDERES ÖĞRENCİ YURDU	Aydın	Efeler	Kız	0(256) 502-47-05
BESNİ-SERVİ M.ERDEMOĞLU YURDU	Adıyaman	Besni	Karma	0(416) 311-05-11
BEYDAĞI ÖĞRENCİ YURDU	Malatya	Battalgazi	Erkek	0(422) 371-16-71
BEYHEKİM ÖĞRENCİ YURDU	Konya	Selçuklu	Kız	—
BEYPAZARI ÖĞRENCİ YURDU	Ankara	Beypazarı	Karma	0(312) 763-34-38
BEYTEPE ÖĞRENCİ YURDU	Ankara	Çankaya	Kız	0(501) 704-73-78
BEYŞEHİR YURDU	Konya	Beyşehir	Kız	—
BEZM-İ ALEM VALİDE SULTAN ÖĞRENCİ YURDU	Antalya	Konyaaltı	Kız	0(242) 505-89-33
BEŞ OCAK ÖĞRENCİ YURDU	Adana	Sarıçam	Kız	0(322) 503-90-85
BEŞEVLER ÖĞRENCİ YURDU	Ankara	Yenimahalle	Kız	0(312) 213-31-47
BEŞMİNARE ÖĞRENCİ YURDU	Bitlis	Bitlis/Merkez	Kız	0(434) 226-26-04
BEŞTEPE YURDU	Ankara	Yenimahalle	Kız	0(312) 212-54-99
BEŞİKDÜZÜ ÖĞRENCİ YURDU	Trabzon	Beşikdüzü	Karma	0(462) 871-21-16
BEŞİKTAŞ ÖĞRENCİ YURDU	İstanbul	Beşiktaş	Kız	0(212) 890-26-79
BOLU GÖLKÖY ÖĞRENCİ YURDU	Bolu	Bolu/Merkez	Kız	0(374) 253-53-31
BOLU İZZET BAYSAL ÖĞRENCİ YURDU	Bolu	Bolu/Merkez	Kız	—
BOLU-ABANT ÖĞRENCİ YURDU	Bolu	Bolu/Merkez	Kız	0(374) 270-12-35
BOLVADİN KIZ ÖĞRENCİ YURDU	Afyonkarahisar	Bolvadin	Kız	0(272) 611-33-88
BOLVADİN ÖĞRENCİ YURDU	Afyonkarahisar	Bolvadin	Erkek	0(272) 612-67-71
BOR YURDU	Niğde	Bor	Kız	0(388) 311-66-90
BORNOVA KIZ ÖĞRENCİ YURDU	İzmir	Bornova	Kız	—
BORNOVA ÖĞRENCİ YURDU	İzmir	Bornova	Erkek	—
BOYABAT KIZ ÖĞRENCİ YURDU	Sinop	Boyabat	Kız	—
BOYABAT ÖĞRENCİ YURDU	Sinop	Boyabat	Erkek	—
BOZKIR-Y.Ö.KYK MUSTAFA SUNA-ÖZ ÖĞRENCİ YURDU	Konya	Bozkır	Karma	—
BOZOK ÖĞRENCİ YURDU	Yozgat	Yozgat/Merkez	Erkek	0(354) 502-00-33
BUCA KIZ YURDU	İzmir	Buca	Kız	—
BUCAK ÖĞRENCİ YURDU	Burdur	Bucak	Kız	0(248) 325-00-79
BULDAN ÖĞRENCİ YURDU	Denizli	Buldan	Karma	0(258) 431-31-11
BURDUR YURDU	Burdur	Burdur/Merkez	Karma	0(248) 234-08-94
BURHANİYE ÖĞRENCİ YURDU	Balıkesir	Burhaniye	Kız	0(266) 412-11-17
BURSA EMİR SULTAN ÖĞRENCİ YURDU	Bursa	Nilüfer	Erkek	—
BÜYÜK SELÇUKLU YURDU	Konya	Selçuklu	Erkek	0(332) 502-64-84
BİGA ÖĞRENCİ YURDU	Çanakkale	Biga	Kız	0(286) 335-8883
BİGADİÇ ÖĞRENCİ YURDU	Balıkesir	Bigadiç	Kız	0(266) 614-10-51
BİLAL-İ HABEŞİ ÖĞRENCİ YURDU	Kilis	Kilis/Merkez	Erkek	0(348) 813-10-37
BİLECİK HALİME HATUN ÖĞRENCİ YURDU	Bilecik	Bilecik/Merkez	Kız	—
BİLECİK YURDU	Bilecik	Bilecik/Merkez	Kız	—
BİNGÖL ERKEK ÖĞRENCİ YURDU	Bingöl	Bingöl/Merkez	Erkek	0(426) 213-89-67
BİNGÖL KIZ ÖĞRENCİ YURDU	Bingöl	Bingöl/Merkez	Kız	0(426) 214-17-11
BİRUNİ ÖĞRENCİ YURDU	Denizli	Pamukkale	Kız	0(258) 213-03-41
BİTLİS ERKEK ÖĞRENCİ YURDU	Bitlis	Bitlis/Merkez	Erkek	0(434) 246-89-39
BİTLİS KIZ ÖĞRENCİ YURDU	Bitlis	Bitlis/Merkez	Kız	0(434) 228-30-23
CAHİT ZARİFOĞLU ÖĞRENCİ YURDU	Düzce	Konuralp	Erkek	0(380) 502-05-30
CANFEDA HATUN ÖĞRENCİ YURDU	Kocaeli	İzmit	Kız	0(262) 332-32-29
CANİK ERKEK ÖĞRENCİ YURDU	Samsun	Canik	Erkek	0(362) 502-56-60
CANİK ÖĞRENCİ YURDU	Samsun	Canik	Kız	—
CEBECİ ERKEK YURDU	Ankara	Çankaya	Erkek	0(312) 563-03-31
CEBECİ SİTE ÖĞRENCİ YURDU	Ankara	Mamak	Kız	0(312) 514-49-21
CEBELİBEREKET ÖĞRENCİ YURDU	Osmaniye	Osmaniye/Merkez	Erkek	—
CEMAL SAFİ ÖĞRENCİ YURDU	Samsun	Atakum	Erkek	—
CEMİL MERİÇ ÖĞRENCİ YURDU	Hatay	Antakya	Erkek	—
CERRAH MEHMET PAŞA ÖĞRENCİ YURDU	İstanbul	Avcılar	Erkek	0(212) 877-44-81
CEYHAN YURDU	Adana	Ceyhan	Karma	0(322) 612-24-51
CEZERİ ÖĞRENCİ YURDU	Şırnak	Şırnak/Merkez	Kız	—
CUMHURİYET ÖĞRENCİ YURDU	Eskişehir	Tepebaşı	Kız	0(222) 230-18-96
CİHANBEYLİ ÖĞRENCİ YURDU	Konya	Cihanbeyli	Karma	0(332) 673-11-25
CİHANNÜMA ÖĞRENCİ YURDU	İzmir	Çiğli	Kız	0(232) 329-94-20
DAMLATAŞ YURDU	Antalya	Alanya	Erkek	—
DANİŞMEND GAZİ ÖĞRENCİ YURDU	Muş	Muş/Merkez	Karma	0(436) 212-13-50
DARÜLACEZE ÖĞRENCİ YURDU	İstanbul	Şişli	Kız	0(212) 741-56-97
DEDE KORKUT ÖĞRENCİ YURDU	Bayburt	Bayburt/Merkez	Erkek	0(458) 211-49-67
DEMİRCİ YURDU	Manisa	Demirci	Karma	0(236) 462-46-65
DEREPAZARI KAPTAN ARİF BAYRAKTAR ÖĞRENCİ YURDU	Rize	Derepazarı	Erkek	0(464) 311-25-81
DESTİNE HATUN ÖĞRENCİ YURDU	Afyonkarahisar	Afyonkarahisar/Merkez	Kız	0(272) 228-12-48
DEVELİ YURDU	Kayseri	Develi	Karma	0(352) 621-01-31
DEVLET HATUN ÖĞRENCİ YURDU	Rize	Rize/Merkez	Kız	—
DEVREK SOS.YAR.DAY.VAK. ÖGRENCİ YURDU	Zonguldak	Devrek	Karma	0(372) 505-02-12
DIŞKAPI ÖĞRENCİ YURDU	Ankara	Altındağ	Kız	0(312) 517-33-54
DOĞAN ASLAN BEY ÖĞRENCİ YURDU	Eskişehir	Tepebaşı	Erkek	0(222) 323-68-60
DOĞUBAYAZIT YURDU	Ağrı	Doğubayazıt	Kız	—
DR. SADIK AHMET ÖĞRENCİ YURDU	Tekirdağ	Süleymanpaşa	Erkek	—
DUMLUPINAR ÖĞRENCİ YURDU	Kütahya	Kütahya/Merkez	Kız	—
DURSUNBEY ÖĞRENCİ YURDU	Balıkesir	Dursunbey	Karma	0(266) 662-14-84
DÖRTYOL ÖĞRENCİ YURDU	Hatay	Dörtyol	Karma	—
DÜZCE AVNİ AKYOL YURDU	Düzce	Düzce/Merkez	Erkek	0(380) 524-74-96
DÜZCE-KONURALP ÖĞRENCİ YURDU	Düzce	Düzce/Merkez	Kız	0(380) 542-13-57
DİLŞAD HATUN ÖĞRENCİ YURDU	Yalova	Yalova/Merkez	Kız	—
DİNAR ÖĞRENCİ YURDU	Afyonkarahisar	Dinar	Karma	0(272) 353-50-59
DİVRİĞİ PROF. DR. MAHİR TEVRÜZ ÖĞRENCİ YURDU	Sivas	Divriği	Karma	0(346) 418-41-81
DİYARBAKIR-SELAHATTİN EYYUBİ ÖĞRENCİ YURDU MÜDÜRLÜĞÜ	Diyarbakır	Sur	Erkek	0(412) 248-84-96
EDİRNE ERKEK ÖĞRENCİ YURDU	Edirne	Edirne/Merkez	Erkek	—
EDİRNE KIZ ÖĞRENCİ YURDU	Edirne	Edirne/Merkez	Kız	0(284) 236-44-48
EDİRNEKAPI KIZ ÖĞRENCİ YURDU	İstanbul	Fatih	Kız	0(212) 534-86-33
EFE AYŞE ÖĞRENCİ YURDU MÜDÜRLÜĞÜ	Aydın	Kuşadası	Karma	—
EGE KIZ ÖĞRENCİ YURDU	İzmir	Bornova	Kız	—
EGE ÖĞRENCİ YURDU	İzmir	Bornova	Erkek	—
EHLİBEYT ÖĞRENCİ YURDU	Tunceli	Tunceli/Merkez	Karma	0(428) 502-52-09
ELAZIĞ-FIRAT ERKEK YURDU	Elazığ	Elazığ/Merkez	Erkek	0(424) 234-07-52
ELBİSTAN YURDU	Kahramanmaraş	Elbistan	Karma	0(344) 421-21-02
ELEŞKİRT ÖĞRENCİ YURDU	Ağrı	Eleşkirt	Kız	—
ELMALILI HAMDİ YAZIR ÖĞRENCİ YURDU	Antalya	Konyaaltı	Kız	0(242) 227-58-36
EMET ÖĞRENCİ YURDU	Kütahya	Emet	Kız	0(274) 461-42-79
EMİNE HATUN ÖĞRENCİ YURDU	Eskişehir	Tepebaşı	Kız	0(222) 230-18-62
EMİNE ŞERİFE HANIM ÖĞRENCİ YURDU	Ankara	Çankaya	Kız	0(552) 905-12-16
EMİR KARATEKİN ÖĞRENCİ YURDU	Çankırı	Çankırı/Merkez	Erkek	—
EMİRDAĞ ÖĞRENCİ YURDU	Afyonkarahisar	Emirdağ	Karma	—
ERBAA YURDU	Tokat	Erbaa	Karma	0(356) 725-9105
ERCİYES YURDU	Kayseri	Melikgazi	Erkek	0(352) 437-48-97
ERCİŞ YURDU	Van	Erciş	Karma	—
ERDEMLİ ÖĞRENCİ YURDU	Mersin	Erdemli	Karma	0(324) 515-22-29
EREĞLİ ERKEK YURDU	Konya	Ereğli/Konya	Erkek	0(332) 710-10-66
EREĞLİ KIZ YURDU	Konya	Ereğli/Konya	Kız	0(332) 712-15-53
ERMENEK ÖĞRENCİ YURDU	Karaman	Ermenek	Karma	0(338) 716-47-02
EROL GÜNGÖR ÖĞRENCİ YURDU	Kırşehir	Kırşehir/Merkez	Erkek	—
ERTUĞRULGAZİ ÖĞRENCİ YURDU	Bilecik	Bilecik/Merkez	Erkek	0(228) 212-99-63
ERUH ÖĞRENCİ YURDU	Siirt	Eruh	Karma	—
ERZURUM KIZ ÖĞRENCİ YURDU	Erzurum	Yakutiye	Kız	—
ERZURUM-ALVARLI EFE ÖĞRENCİ YURDU	Erzurum	Yakutiye	Kız	0(442) 236-14-16
ERZURUM-NENEHATUN ÖĞRENCİ YURDU	Erzurum	Yakutiye	Kız	0(442) 236-14-02
ERZURUM-İBRAHİM HAKKI ÖĞRENCİ YURDU	Erzurum	Aziziye	Erkek	—
ERZİNCAN ÖĞRENCİ YURDU	Erzincan	Erzincan/Merkez	Kız	0(446) 224-41-62
ERZİNCAN-MENGÜCEK GAZİ ÖĞRENCİ YURDU	Erzincan	Erzincan/Merkez	Kız	0(446) 220-00-12
ESENYURT ERKEK ÖĞRENCİ YURDU	İstanbul	Esenyurt	Erkek	0(212) 886-71-42
ESENYURT KIZ ÖĞRENCİ YURDU	İstanbul	Esenyurt	Kız	0(212) 854-04-50
ESKİPAZAR YURDU	Karabük	Eskipazar	Karma	0(370) 818-30-83
ESKİŞEHİR YURDU	Eskişehir	Odunpazarı	Kız	0(222) 229-38-05
ESMA SERHAT HATUN ÖĞRENCİ YURDU	Giresun	Giresun/Merkez	Kız	0(454) 215-10-01
ESMA SULTAN ÖĞRENCİ YURDU	Afyonkarahisar	Sandıklı	Karma	0(272) 515-16-10
ESMEHAN SULTAN ÖĞRENCİ YURDU	Siirt	Siirt/Merkez	Kız	0(484) 254-20-20
ETİMESGUT ERYAMAN YURDU	Ankara	Etimesgut	Kız	—
EVLADI FATİHAN ÖĞRENCİ YURDU	Kırklareli	Kırklareli/Merkez	Kız	0(288) 214-50-72
EVLİYA ÇELEBİ ÖĞRENCİ YURDU	Ordu	Altınordu	Karma	0(452) 777-50-21
EYNESİL ÖĞRENCİ YURDU	Giresun	Eynesil	Kız	0(454) 582-00-38
EZOGELİN ÖĞRENCİ YURDU	Gaziantep	Şehitkamil	Kız	0(342) 360-29-19
EĞİRDİR YURDU	Isparta	Eğirdir	Karma	0(246) 311-35-93
EŞREF BİTLİS ÖĞRENCİ YURDU	Malatya	Battalgazi	Kız	0(422) 502-09-94
EŞREFOĞLU ÖĞRENCİ YURDU	Konya	Beyşehir	Erkek	0(332) 511-00-43
FADİMANA HALİSDEMİR ÖĞRENCİ YURDU	Niğde	Niğde/Merkez	Kız	—
FAHRÜNNİSA HATUN ÖĞRENCİ YURDU	Konya	Selçuklu	Kız	0(332) 255-00-62
FATIMA SULTAN ÖĞRENCİ YURDU	Nevşehir	Nevşehir/Merkez	Kız	—
FATMA ALİYE HANIM ÖĞRENCİ YURDU	Kastamonu	Kastamonu/Merkez	Kız	0(366) 215-28-18
FATMA ANA ÖĞRENCİ YURDU	Balıkesir	Bandırma	Kız	0(266) 502-44-64
FATMA BACI ÖĞRENCİ YURDU	Kırşehir	Kırşehir/Merkez	Kız	0(386) 212-59-77
FATMA HANIM ÖĞRENCİ YURDU	Ankara	Çubuk	Kız	0(312) 837-70-82
FATMA REFET ANGIN ÖĞRENCİ YURDU	İstanbul	Küçükçekmece	Kız	0(212) 579-15-56
FATMA SEHER HANIM ÖĞRENCİ YURDU	Kocaeli	İzmit	Kız	—
FATMA YILDIZ HANIM ÖĞRENCİ YURDU	Denizli	Pamukkale	Kız	0(258) 211-19-61
FATSA ÖĞRENCİ YURDU	Ordu	Fatsa	Karma	0(452) 424-00-45
FATİH SULTAN MEHMET ÖĞRENCİ YURDU	İstanbul	Güngören	Erkek	0(212) 568-47-93
FERELİ SİNAN EFENDİ ÖĞRENCİ YURDU	Burdur	Burdur/Merkez	Erkek	0(248) 277-21-99
FETHİ SEKİN ÖĞRENCİ YURDU	Elazığ	Elazığ/Merkez	Kız	0(424) 247-84-77
FETHİYE SITKI-MEFHARET KOÇMAN ÖĞRENCİ YURDU	Muğla	Fethiye	Erkek	0(252) 646-51-31
FETHİYE ÖĞRENCİ YURDU MÜDÜRLÜĞÜ	Muğla	Fethiye	Kız	—
FEVZİ ÇAKMAK YURDU(ADANA)	Adana	Sarıçam	Kız	—
FINDIKLI YURDU	Rize	Fındıklı	Karma	0(464) 511-41-30
FLORYA-BEŞYOL ÖĞRENCİ YURDU	İstanbul	Küçükçekmece	Kız	0(212) 541-57-24
FUAT SEZGİN ÖĞRENCİ YURDU	Trabzon	Akçaabat	Kız	0(462) 666-48-48
GAZİ AYŞE HANIM ÖĞRENCİ YURDU	İzmir	Buca	Kız	0(232) 503-92-78
GAZİ EVRENOS ÖĞRENCİ YURDU	Edirne	Keşan	Erkek	—
GAZİ SÜLEYMAN PAŞA ÖĞRENCİ YURDU	Kocaeli	İzmit	Erkek	0(262) 359-10-49
GAZİ UMURBEY ÖĞRENCİ YURDU MÜDÜRLÜĞÜ	İzmir	Buca	Erkek	0(232) 504-20-91
GAZİ YURDU	Ankara	Yenimahalle	Kız	0(312) 212-82-56
GAZİKENT ÖĞRENCİ YURDU	Gaziantep	Şahinbey	Kız	0(342) 424-00-11
GAZİPAŞA ÖĞRENCİ YURDU	Antalya	Gazipaşa	Karma	0(242) 502-51-68
GAZİYE HATUN ÖĞRENCİ YURDU	Hatay	İskenderun	Kız	0(326) 615-33-14
GEBZE NİLÜFER HATUN ÖĞRENCİ YURDU	Kocaeli	Gebze	Kız	—
GEBZE ÖĞRENCİ YURDU	Kocaeli	Gebze	Karma	0(262) 759-11-71
GEDİZ YURDU	Kütahya	Gediz	Karma	0(274) 412-76-84
GEMLİK ÖĞRENCİ YURDU	Bursa	Gemlik	Karma	0(224) 513-35-87
GEREDE YURDU	Bolu	Gerede	Kız	0(374) 311-50-05
GEREDELİ İSHAK BEY ÖĞRENCİ YURDU	Bolu	Gerede	Erkek	0(374) 311-56-54
GERZE ÖĞRENCİ YURDU	Sinop	Gerze	Kız	—
GEVAŞ ÖĞRENCİ YURDU	Van	Gevaş	Karma	—
GEVHER NESİBE YURDU	Kayseri	Melikgazi	Kız	0(352) 437-73-38
GEVHERHAN SULTAN ÖĞRENCİ YURDU	Aydın	Nazilli	Kız	0(256) 347-66-28
GEYVE ÖĞRENCİ YURDU	Sakarya	Geyve	Karma	—
GSB ANADOLU ÖĞRENCİ YURDU	Ankara	Yenimahalle	Kız	0(312) 514-63-31
GSB BAŞKENT YURTLARI-1	Ankara	Çubuk	Kız	0(549) 479-18-83
GSB BAŞKENT YURTLARI-2	Ankara	Çubuk	Erkek	0(552) 905-01-40
GÖBEKLİTEPE ÖĞRENCİ YURDU	Şanlıurfa	Haliliye	Erkek	0(414) 347-13-44
GÖKSUN YURDU	Kahramanmaraş	Göksun	Karma	0(344) 714-44-26
GÖKÇEADA ÖĞRENCİ YURDU	Çanakkale	Gökçeada	Karma	0(286) 887-22-73
GÖLBAŞI EYMİR ÖĞRENCİ YURDU	Ankara	Gölbaşı/Ankara	Erkek	—
GÖLBAŞI ÖĞRENCİ YURDU	Ankara	Gölbaşı/Ankara	Erkek	0(312) 484-87-96
GÖLBAŞI ŞEHİT ÖZEL HAREKATÇILAR ÖĞRENCİ YURDU	Ankara	Gölbaşı/Ankara	Kız	0(312) 484-02-83
GÖLCÜK ÖĞRENCİ YURDU	Kocaeli	Gölcük	Karma	0(262) 422-50-57
GÖLHİSAR ÖĞRENCİ YURDU	Burdur	Gölhisar	Karma	0(248) 411-50-02
GÖNENLİ MEHMET EFENDİ ÖĞRENCİ YURDU	Balıkesir	Gönen/Balıkesir	Karma	0(266) 502-03-01
GÖRDES MOLLA GÜRANİ ÖĞRENCİ YURDU	Manisa	Gördes	Karma	0(236) 547-20-30
GÖRELE ÖĞRENCİ YURDU	Giresun	Görele	Karma	0(454) 554-00-66
GÜLBAHAR HATUN ÖĞRENCİ YURDU	Trabzon	Ortahisar	Kız	0(462) 229-37-10
GÜLCEMAL HATUN ÖĞRENCİ YURDU	Samsun	Atakum	Erkek	0(362) 428-1030
GÜLCİHAN ÖĞRENCİ YURDU	Isparta	Isparta/Merkez	Kız	0(246) 237-13-25
GÜLKENT ÖĞRENCİ YURDU	Isparta	Keçiborlu	Karma	0(246) 541-26-12
GÜLPEMBE HATUN ÖĞRENCİ YURDU	Giresun	Giresun/Merkez	Kız	0(454) 215-70-73
GÜLRUH HATUN ÖĞRENCİ YURDU	Bursa	Nilüfer	Kız	—
GÜLSÜM ANA ÖĞRENCİ YURDU	Tokat	Tokat/Merkez	Kız	0(356) 250-00-06
GÜLİSTAN ÖĞRENCİ YURDU	Isparta	Isparta/Merkez	Kız	0(246) 237-13-26
GÜLŞEHİR ÖĞRENCİ YURDU	Nevşehir	Gülşehir	Kız	—
GÜLŞENİ ÖĞRENCİ YURDU	Edirne	Edirne/Merkez	Kız	0(284) 214-05-10
GÜMÜŞHACIKÖY ÖĞRENCİ YURDU	Amasya	Gümüşhacıköy	Karma	0(358) 502-39-39
GÜMÜŞHANE HALİT ZARBUN ÖĞRENCİ YURDU	Gümüşhane	Gümüşhane/Merkez	Kız	0(456) 213-47-90
GÜMÜŞHANE YURDU	Gümüşhane	Gümüşhane/Merkez	Kız	0(456) 233-71-61
GÜNDÜZALP ÖĞRENCİ YURDU	Eskişehir	Tepebaşı	Erkek	0(222) 340-51-96
GÜNEBAKAN ÖĞRENCİ YURDU	Tekirdağ	Süleymanpaşa	Kız	0(282) 293-20-67
GÜNEYSU YURT MÜDÜRLÜĞÜ	Rize	Güneysu	Karma	—
GÜRÜN-ENVER BOSTANCI ÖĞRENCİ YURDU	Sivas	Sivas/Merkez	Karma	0(346) 715-31-02
GÜZELHİSAR ÖĞRENCİ YURDU	Aydın	Efeler	Kız	0(256) 503-34-72
GÜZELYURT ÖĞRENCİ YURDU	Aksaray	Güzelyurt	Karma	0(382) 451-21-24
GİRESUN SAHİL ÖĞRENCİ YURDU	Giresun	Giresun/Merkez	Karma	—
GİRESUN YURDU	Giresun	Giresun/Merkez	Karma	0(454) 214-1676
HACER ANA ÖĞRENCİ YURDU	Şanlıurfa	Haliliye	Kız	0(414) 376-10-42
HACI AHMET TATARİ YURDU	İzmir	Buca	Erkek	0(232) 420-51-60
HACI BEKTAŞ-I VELİ ÖĞRENCİ YURDU	Nevşehir	Nevşehir/Merkez	Erkek	—
HACI MURAT VELİ ÖĞRENCİ YURDU	Çankırı	Çankırı/Merkez	Erkek	—
HACI MUSTAFA EFENDİZADE ÖĞRENCİ YURDU	Aydın	Nazilli	Erkek	0(256) 314-12-19
HACI SİNAN ÖĞRENCİ YURDU	İzmir	Bayındır	Karma	0(232) 581-25-35
HACI ÖMER SABANCI YURDU(ANKARA)	Ankara	Yenimahalle	Kız	0(312) 212-67-80
HACI İBRAHİM PAŞA ÖĞRENCİ YURDU	Bartın	Bartın/Merkez	Kız	0(378) 237-83-23
HACI ŞABAN CENGİZ ÖĞRENCİ YURDU	Gümüşhane	Torul	Karma	—
HACIVEYİSZADE ÖĞRENCİ YURDU	Konya	Meram	Erkek	0(332) 501-13-93
HADİM ÖĞRENCİ YURDU	Konya	Hadim	Karma	0(332) 418-15-10
HAFIZ HASAN ŞEN ÖĞRENCİ YURDU	Düzce	Bahçeşehir/Düzce	Erkek	0(380) 411-64-51
HAFIZ MUSTAFA SÜMER ÖĞRENCİ YURDU	Ankara	Nallıhan	Erkek	0(312) 785-12-50
HAFİK ÖĞRENCİ YURDU	Sivas	Hafik	Karma	0(346) 841-22-20
HAKKARİ YURDU	Hakkâri	Hakkari/Merkez	Erkek	—
HALUK NUR BAKİ ÖĞRENCİ YURDU	Nevşehir	Nevşehir/Merkez	Erkek	0(384) 215-41-55
HALİD BİN VELİD ÖĞRENCİ YURDU	Diyarbakır	Bağlar	Erkek	—
HALİME HATUN KIZ ÖĞRENCİ YURDU (YENİ)	Bursa	Nilüfer	Kız	0(224) 442-80-28
HALİT ZARBUN ERKEK ÖĞRENCİ YURDU	Gümüşhane	Gümüşhane/Merkez	Erkek	—
HAMDİ EFENDİ ÖĞRENCİ YURDU	Artvin	Borçka	Karma	0(466) 415-26-46
HAMDİYE YILDIRIM ÖĞRENCİ YURDU	Trabzon	Of	Kız	0(462) 771-75-24
HAMİD-İ VELİ ÖĞRENCİ YURDU	Aksaray	Aksaray/Merkez	Erkek	0(382) 505-01-01
HAMİDİYE ÖĞRENCİ YURDU	Kırıkkale	Yahşihan	Erkek	0(318) 310-10-75
HANZADE HATUN ÖĞRENCİ YURDU MÜDÜRLÜĞÜ	İzmir	Çiğli	Kız	0(232) 839-06-00
HARPUT ÖĞRENCİ YURDU	Elazığ	Elazığ/Merkez	Kız	—
HARRAN YURDU(Ş.URFA)	Şanlıurfa	Haliliye	Kız	0(414) 344-00-53
HASAN BASRİ ÇANTAY ÖĞRENCİ YURDU	Balıkesir	Bigadiç	Erkek	0(266) 612-14-40
HASSA HATUN ÖĞRENCİ YURDU	Siirt	Siirt/Merkez	Kız	0(484) 254-21-35
HATTAT EMİN BARIN ÖĞRENCİ YURDU	Bolu	Bolu/Merkez	Erkek	0(374) 202-00-82
HATTAT HASAN ÇELEBİ YURDU	Erzurum	Yakutiye	Kız	—
HATUNİYE ÖĞRENCİ YURDU	Karaman	Karaman/Merkez	Kız	0(338) 228-03-17
HATİCE HAYRİYE TURGUTLU ÖĞRENCİ YURDU	Manisa	Turgutlu	Kız	0(236) 312-79-02
HATİCE TURHAN SULTAN ÖĞRENCİ YURDU	Zonguldak	Zonguldak/Merkez	Kız	0(372) 281-00-16
HAVZA ÖĞRENCİ YURDU	Samsun	Havza	Karma	0(362) 714-55-92
HAYDAR ALİYEV ÖĞRENCİ YURDU	İstanbul	Maltepe	Erkek	0(216) 766-44-13
HAYMANA ÖĞRENCİ YURDU	Ankara	Haymana	Kız	0(552) 905-12-23
HAYME ANA ÖĞRENCİ YURDU	Kütahya	Kütahya/Merkez	Kız	0(274) 230-03-33
HAYREDDİN TOKADİ ÖĞRENCİ YURDU	Bolu	Bolu/Merkez	Kız	0(374) 253-41-11
HAYRETTİN KARAMAN ÖĞRENCİ YURDU	Çorum	Çorum/Merkez	Kız	—
HENDEK YURDU	Sakarya	Hendek	Kız	—
HEZAR DİNARİ ÖĞRENCİ YURDU	Kütahya	Kütahya/Merkez	Erkek	0(274) 265-30-33
HINIS ÖĞRENCİ YURDU	Erzurum	Hınıs	Karma	0(442) 511-22-35
HIZIR BEY ÖĞRENCİ YURDU	Eskişehir	Tepebaşı	Karma	0(531) 698-10-60
HOCA AHMET YESEVİ YURDU(İZMİR)	İzmir	Buca	Kız	0(232) 453-16-67
HONAZ ÖĞRENCİ YURDU	Denizli	Honaz	Karma	0(258) 811-20-23
HOPA ÖĞRENCİ YURDU	Artvin	Hopa	Karma	0(466) 351-11-64
HORASAN ÖĞRENCİ YURDU MÜDÜRLÜĞÜ	Erzurum	Horasan	Karma	0(442) 711-25-33
HUBBİ HATUN ÖĞRENCİ YURDU	Karabük	Karabük/Merkez	Kız	0(370) 433-4299
HUNAT HATUN ÖĞRENCİ YURDU	Kayseri	Talas	Kız	0(352) 502-32-69
HUNDİ HATUN ÖĞRENCİ YURDU	Kırklareli	Kırklareli/Merkez	Kız	0(288) 212-02-75
HÜNKAR ÖĞRENCİ YURDU	Nevşehir	Hacıbektaş	Karma	0(384) 441-35-58
HÜSEYİN GAZİ ÖĞRENCİ YURDU	Ankara	Altındağ	Erkek	0(312) 502-40-33
HÜSNÜ ÖZYEĞİN ÖĞRENCİ YURDU	Kütahya	Kütahya/Merkez	Kız	—
HÜSNÜŞAH HATUN ÖĞRENCİ YURDU	Amasya	Amasya/Merkez	Kız	0(358) 252-78-50
HİTİT ÖĞRENCİ YURDU	Çorum	Çorum/Merkez	Kız	0(364) 225-44-30
ILGAZ ÖĞRENCİ YURDU	Çankırı	Ilgaz	Kız	—
ILGIN ÖĞRENCİ YURDU	Konya	Ilgın	Erkek	—
ISPARTA MURAD HÜDAVENDİGAR ÖĞRENCİ YURDU	Isparta	Isparta/Merkez	Erkek	0(246) 237-07-44
ISPARTA ÖĞRENCİ YURDU	Isparta	Isparta/Merkez	Erkek	0(246) 502-04-23
KADI BURHANEDDİN ÖĞRENCİ YURDU	Sivas	Sivas/Merkez	Erkek	0(346) 219-13-15
KADINHANI-F. ALİ-FATMA SÜNDÜS İÇİL YURDU	Konya	Kadınhanı	Karma	0(332) 834-2403
KADIRGA ERKEK ÖĞRENCİ YURDU	İstanbul	Fatih	Erkek	0(212) 517-94-72
KADİRLİ ÖĞRENCİ YURDU	Osmaniye	Kadirli	Karma	0(551) 835-16-02
KAHRAMANMARAŞ AVŞAR ÖĞRENCİ YURDU	Kahramanmaraş	Onikişubat	Erkek	0(344) 290-14-17
KAHTA YURDU	Adıyaman	Kahta	Karma	—
KALETEPE ÖĞRENCİ YURDU MÜDÜRLÜĞÜ	Kırıkkale	Yahşihan	Kız	0(318) 357-27-04
KAMAN ÖĞRENCİ YURDU	Kırşehir	Kaman	Karma	0(386) 712-60-71
KAMİL MİRAS ÖĞRENCİ YURDU	Afyonkarahisar	Afyonkarahisar/Merkez	Erkek	0(272) 228-11-82
KANDIRA-İL ÖZEL İDARESİ YURDU	Kocaeli	Kandıra	Karma	0(533) 459-45-00
KANGAL HASAN YILMAZ ÖĞRENCİ YURDU	Sivas	Kangal	Karma	0(346) 457-10-31
KANUNİ SULTAN SÜLEYMAN ÖĞRENCİ YURDU	İstanbul	Başakşehir	Erkek	0(212) 812-30-07
KAPADOKYA ÖĞRENCİ YURDU	Nevşehir	Nevşehir/Merkez	Kız	0(384) 502-03-13
KARA MUSTAFA PAŞA ÖĞRENCİ YURDU	Amasya	Merzifon	Erkek	0(358) 513-42-70
KARABAĞLAR ÖĞRENCİ YURDU	İzmir	Karabağlar	Erkek	—
KARABÜK BAHADDİN GAZİ YURDU	Karabük	Safranbolu	Erkek	0(370) 741-30-50
KARABÜK YURDU	Karabük	Karabük/Merkez	Kız	0(370) 433-42-88
KARABÜK-TAŞKENT ÖĞRENCİ YURDU	Karabük	Karabük/Merkez	Kız	0(370) 412-12-02
KARACABEY ÖĞRENCİ YURDU	Bursa	Karacabey	Karma	—
KARACAOĞLAN ÖĞRENCİ YURDU	Osmaniye	Osmaniye/Merkez	Erkek	0(328) 802-06-13
KARACASU ÖĞRENCİ YURDU MÜDÜRLÜĞÜ	Aydın	Karacasu	Erkek	—
KARADENİZ EREĞLİ YURDU	Zonguldak	Ereğli/Zonguldak	Karma	0(372) 316-25-81
KARADENİZ ERKEK YURDU	Samsun	Atakum	Erkek	—
KARADENİZ YURDU	Samsun	Atakum	Kız	0(362) 457-72-46
KARAHANTEPE ÖĞRENCİ YURDU	Şanlıurfa	Haliliye	Karma	—
KARAMAN PİRİ REİS ÖĞRENCİ YURDU	Karaman	Karaman/Merkez	Erkek	0(338) 217-68-77
KARAMAN YURDU	Karaman	Karaman/Merkez	Kız	—
KARAMANOĞLU MEHMETBEY ÖĞRENCİ YURDU	Karaman	Karaman/Merkez	Erkek	—
KARAMÜRSEL-GAZANFER BİLGE ÖĞRENCİ YURDU	Kocaeli	Karamürsel	Karma	0(262) 452-16-88
KARASU ÖĞRENCİ YURDU	Sakarya	Karasu	Karma	0(264) 718-66-71
KARS YURDU	Kars	Kars/Merkez	Erkek	0(474) 242-71-50
KARS-HASAN HARAKANİ ÖĞRENCİ YURDU	Kars	Kars/Merkez	Kız	0(474) 225-14-33
KARTAL BEY ÖĞRENCİ YURDU	Kilis	Kilis/Merkez	Erkek	0(348) 814-24-20
KARTEPE ÖĞRENCİ YURDU	Kocaeli	Kartepe	Erkek	—
KASIMİYE ÖĞRENCİ YURDU	Mardin	Artuklu	Erkek	—
KASTAMONU HÜMA HATUN ÖĞRENCİ YURDU	Kastamonu	Kastamonu/Merkez	Kız	0(366) 215-2702
KASTAMONU YURDU	Kastamonu	Kastamonu/Merkez	Erkek	0(366) 215-09-13
KATİP ÇELEBİ ÖĞRENCİ YURDU	Karabük	Safranbolu	Kız	0(370) 741-21-82
KAVAK ÖĞRENCİ YURDU	Samsun	Kavak	Karma	—
KAYIBOYU ÖĞRENCİ YURDU	Osmaniye	Osmaniye/Merkez	Kız	0(328) 802-55-03
KAYSERİ ÖĞRENCİ YURDU	Kayseri	Talas	Erkek	0(352) 502-90-34
KAZIM KARABEKİR YURDU	Erzurum	Yakutiye	Kız	0(442) 282-20-81
KAĞIZMANLI HIFZI ÖĞRENCİ YURT MÜDÜRLÜĞÜ	Kars	Kağızman	Karma	—
KAŞGARLI MAHMUT ÖĞRENCİ YURDU	Ardahan	Ardahan/Merkez	Erkek	0(478) 211-35-23
KEMAH YURDU	Erzincan	Kemah	Karma	0(446) 511-31-05
KEMALİYE-OSMAN NURİ AKIN YURDU	Erzincan	Kemaliye	Karma	0(446) 751-28-61
KEREBİ GAZİ ÖĞRENCİ YURDU	Çorum	Çorum/Merkez	Erkek	0(364) 227-80-53
KERİME SULTAN ÖĞRENCİ YURDU	Çanakkale	Çanakkale/Merkez	Erkek	0(286) 502-05-30
KESKİN YURDU	Kırıkkale	Keskin	Karma	—
KEŞAN YURDU	Edirne	Keşan	Kız	0(284) 715-20-68
KINALI HASAN ÖĞRENCİ YURDU	Yozgat	Yozgat/Merkez	Kız	0(354) 502-22-93
KIRIKKALE HATİCE HANIM ÖĞRENCİ YURDU	Kırıkkale	Yahşihan	Kız	0(318) 357-25-53
KIRIKKALE-KIZILIRMAK KIZ ÖĞRENCİ YURDU	Kırıkkale	Yahşihan	Kız	—
KIRKAĞAÇ ÖĞRENCİ YURDU	Manisa	Kırkağaç	Karma	0(236) 588-14-49
KIRKLARELİ YURDU	Kırklareli	Kırklareli/Merkez	Erkek	0(288) 212-13-41
KIRŞEHİR TOBB ÖĞRENCİ YURDU	Kırşehir	Kırşehir/Merkez	Kız	0(386) 502-03-72
KIRŞEHİR-AHİ EVRAN KIZ ÖĞRENCİ YURDU	Kırşehir	Kırşehir/Merkez	Kız	0(386) 214-41-14
KIZILCAHAMAM ÖĞRENCİ YURDU MÜDÜRLÜĞÜ	Ankara	Kızılcahamam	Kız	0(312) 736-13-40
KIZILIRMAK ÖĞRENCİ YURDU	Sivas	Sivas/Merkez	Kız	0(346) 217-12-67
KOCAELİ VİLAYETLER HİZMET BİRLİĞİ YURDU	Kocaeli	İzmit	Erkek	0(262) 359-12-87
KOCAELİ ZEKİYE GÜNDOĞDU YURDU	Kocaeli	İzmit	Kız	0(262) 311-70-13
KOCAELİ ÖĞRENCİ YURDU	Kocaeli	İzmit	Erkek	—
KOCASİNAN ÖĞRENCİ YURDU	Kayseri	Kocasinan	Kız	0(352) 235-21-15
KONYA KIZ YURDU	Konya	Selçuklu	Kız	0(332) 261-23-11
KONYA-KİMYA HATUN KIZ YURDU	Konya	Selçuklu	Kız	0(332) 290-29-15
KONYA-ŞEMS-İ TEBRİZİ ÖĞRENCİ YURDU	Konya	Selçuklu	Kız	0(332) 241-25-22
KORKUTELİ ÖĞRENCİ YURDU	Antalya	Korkuteli	Karma	0(242) 643-37-00
KOZAKLI ÖĞRENCİ YURDU	Nevşehir	Kozaklı	Kız	—
KOZAN ÖĞRENCİ YURDU	Adana	Kozan	Karma	0(322) 515-01-06
KOZLU ÖĞRENCİ YURDU	Zonguldak	Kozlu	Kız	—
KOÇARLI ÖĞRENCİ YURDU	Aydın	Koçarlı	Karma	0(256) 502-94-75
KULA ÖĞRENCİ YURDU	Manisa	Kula	Karma	—
KUMLUCA ÖĞRENCİ YURDU	Antalya	Kumluca	Karma	—
KURTALAN ÖĞRENCİ YURDU	Siirt	Kurtalan	Karma	—
KUT'UL AMARE ÖĞRENCİ YURDU	Adana	Sarıçam	Erkek	—
KUTALMIŞOĞLU SÜLEYMAN ŞAH ÖĞRENCİ YURDU	Konya	Selçuklu	Erkek	—
KUTLUBEY ÖĞRENCİ YURDU	Isparta	Uluborlu	Karma	0(246) 531-22-85
KÖPRÜBAŞI ÖĞRENCİ YURDU	Manisa	Köprübaşı/Manisa	Karma	0(236) 473-71-00
KÜRTÜN ÖĞRENCİ YURDU	Gümüşhane	Kürtün	Karma	0(456) 721-50-10
KÜTAHYA-ZAFERTEPE ÖĞRENCİ YURDU	Kütahya	Kütahya/Merkez	Kız	0(274) 265-22-94
KİLİMLİ ÖĞRENCİ YURT MÜDÜRLÜĞÜ	Zonguldak	Kilimli	Karma	0(372) 502-40-11
KİLİS KIZ ÖĞRENCİ YURDU	Kilis	Kilis/Merkez	Kız	0(348) 813-33-07
KİLİS MERCİDABIK ÖĞRENCİ YURDU	Kilis	Kilis/Merkez	Kız	0(348) 822-10-52
KİLİS ZEYTİNDALI ÖĞRENCİ YURDU	Kilis	Kilis/Merkez	Kız	0(348) 813-15-55
LATİFE HANIM ÖĞRENCİ YURDU	Uşak	Uşak/Merkez	Kız	0(276) 263-40-87
LÜLEBURGAZ ÖĞRENCİ YURDU	Kırklareli	Lüleburgaz	Kız	0(288) 415-77-41
LİMONLUK GSB YURDU	Mersin	Yenişehir/Mersin	Erkek	—
MAHMUD KEFEVİ ÖĞRENCİ YURDU	Sinop	Sinop/Merkez	Erkek	0(368) 201-01-12
MAHMUT CELALETTİN ÖKTEN ÖĞRENCİ YURDU	İstanbul	Sancaktepe	Erkek	0(216) 510-62-50
MAHMUT NEDİM ZAPÇI YURDU	Ankara	Çankaya	Kız	0(312) 431-18-37
MAHMUT SAMİ RAMAZANOĞLU ÖĞRENCİ YURDU	Adana	Sarıçam	Kız	—
MAHPERİ HATUN ÖĞRENCİ YURDU	Aksaray	Aksaray/Merkez	Kız	0(382) 216-15-50
MAHPEYKER SULTAN ÖĞRENCİ YURDU	Düzce	Düzce/Merkez	Kız	0(380) 542-12-20
MAHİR İZ ÖĞRENCİ YURDU	İstanbul	Esenyurt	Erkek	0(212) 423-34-67
MALATYA KIZ YURDU	Malatya	Battalgazi	Kız	0(422) 341-01-67
MALAZGİRT ÖĞRENCİ YURDU	Muş	Malazgirt	Karma	—
MALHUN HATUN ÖĞRENCİ YURDU	Bursa	Nilüfer	Kız	0(224) 483-73-43
MANAVGAT ÖĞRENCİ YURDU	Antalya	Manavgat	Kız	—
MANAVGAT ŞELALE ÖĞRENCİ YURDU	Antalya	Manavgat	Erkek	—
MANYAS ÖĞRENCİ YURDU	Balıkesir	Manyas	Kız	0(266) 818-20-21
MANİSA YUNUS EMRE ÖĞRENCİ YURDU	Manisa	Yunusemre	Kız	0(236) 241-25-94
MANİSA-HÜMA HATUN ÖĞRENCİ YURDU MÜDÜRLÜĞÜ	Manisa	Yunusemre	Kız	—
MANİSA-MURADİYE ÖĞRENCİ YURDU	Manisa	Yunusemre	Kız	—
MARDİN KIZ ÖĞRENCİ YURDU	Mardin	Artuklu	Kız	—
MARMARİS ÖĞRENCİ YURDU	Muğla	Marmaris	Karma	—
MAÇKA-ŞÜKRÜ KARADENİZ ÖĞRENCİ YURDU	Trabzon	Maçka	Karma	—
MECİDİYE ÖĞRENCİ YURDU	Kırşehir	Çiçekdağı	Kız	0(386) 612-30-30
MEHMED EMİN TOKADİ ÖĞRENCİ YURDU	Tokat	Tokat/Merkez	Kız	0(356) 232-94-52
MEHMED EŞREF EFENDİ ÖĞRENCİ YURDU	Kırklareli	Lüleburgaz	Erkek	0(288) 502-02-30
MEHMED ZAHİD KOTKU ÖĞRENCİ YURDU	Bursa	Nilüfer	Erkek	0(224) 483-48-21
MEHMET AKİF YURDU(ANKARA)	Ankara	Yenimahalle	Kız	0(312) 212-61-10
MEHMET AKİF İNAN ÖĞRENCİ YURDU	Şanlıurfa	Haliliye	Erkek	0(414) 315-50-97
MEHMET EMİN PAŞA ÖĞRENCİ YURDU	Karaman	Kazımkarabekir	Karma	—
MEHMET FUAD KÖPRÜLÜ ÖĞRENCİ YURDU	Ordu	Altınordu	Kız	—
MEHMET HACIM ÖĞRENCİ YURDU	Uşak	Uşak/Merkez	Erkek	0(276) 502-02-40
MEHMET RIFAT EFENDİ ÖĞRENCİ YURDU	Bartın	Bartın/Merkez	Erkek	0(378) 502-06-60
MEHMET VEHBİ ÇELİK ÖĞRENCİ YURDU	Konya	Kulu	Karma	0(332) 641-01-27
MELİKE CİHAN ÖĞRENCİ YURDU	Konya	Selçuklu	Kız	0(332) 503-27-03
MELİKE HATUN ÖĞRENCİ YURDU	Konya	Selçuklu	Kız	0(332) 350-89-02
MELİKGAZİ KIZ ÖĞRENCİ YURDU	Kayseri	Melikgazi	Kız	0(352) 438-38-12
MENTEŞE ÖĞRENCİ YURDU	Muğla	Menteşe	Kız	0(252) 502-35-23
MERAM YURDU	Konya	Meram	Kız	0(332) 502-09-20
MERKEZ EFENDİ ÖĞRENCİ YURDU	Manisa	Şehzadeler	Erkek	0(236) 232-32-58
MERKEZEFENDİ ÖĞRENCİ YURDU	İstanbul	Zeytinburnu	Kız	0(212) 547-13-12
MERSİN GSB YURDU	Mersin	Akdeniz	Erkek	0(324) 502-28-13
MERSİN KIZ ÖĞRENCİ YURDU	Mersin	Yenişehir/Mersin	Kız	0(324) 290-25-20
MERSİN-YENİŞEHİR ÖĞRENCİ YURDU	Mersin	Yenişehir/Mersin	Erkek	0(324) 290-42-28
MERTER ÖĞRENCİ YURDU	İstanbul	Zeytinburnu	Kız	0(212) 886-21-78
MERYEM YAZICIOĞLU ÖĞRENCİ YURDU	Aydın	Söke	Kız	0(256) 502-16-58
MERZİFON YURDU	Amasya	Merzifon	Kız	0(358) 513-42-68
MERİÇ ÖĞRENCİ YURDU	Edirne	Edirne/Merkez	Kız	—
MESNEVİ ÖĞRENCİ YURDU	Konya	Selçuklu	Kız	—
MEVLANA KIZ YURDU	Konya	Selçuklu	Kız	0(332) 235-91-29
MEVLÜT KAHRAMAN ÖĞRENCİ YURDU	Kayseri	Tomarza	Kız	0(352) 504-30-99
MOGAN ÖĞRENCİ YURDU	Ankara	Gölbaşı/Ankara	Erkek	0(312) 502-45-33
MUDURNU-HACI MEHMET ASTARCI YURDU	Bolu	Mudurnu	Karma	0(374) 421-21-14
MUHAMMED BEDEVİ ÖĞRENCİ YURDU	Kilis	Kilis/Merkez	Kız	0(348) 813-11-31
MUHAMMET FATİH SAFİTÜRK ÖĞRENCİ YURDU	Sakarya	Arifiye	Erkek	—
MUHYİDDİN İBN-İ ARABİ ÖĞRENCİ YURDU	Hatay	İskenderun	Erkek	0(326) 618-00-53
MUHYİDDİN-İ RUMİ ÖĞRENCİ YURDU	Balıkesir	Ayvalık	Erkek	0(266) 412-11-18
MUNZUR ÖĞRENCİ YURDU	Tunceli	Tunceli/Merkez	Erkek	—
MURAT ÇOBANOĞLU ÖĞRENCİ YURDU	Kars	Kars/Merkez	Kız	0(474) 502-00-68
MURATPAŞA ÖĞRENCİ YURDU	Antalya	Konyaaltı	Erkek	0(242) 227-29-30
MUSTAFA ASIM KÖKSAL ÖĞRENCİ YURDU	Kayseri	Talas	Kız	—
MUSTAFA GÜL ÖĞRENCİ YURDU	Gümüşhane	Şiran	Karma	0(456) 511-74-71
MUĞLA ERKEK YURDU	Muğla	Menteşe	Erkek	0(252) 223-80-12
MUĞLA MİLLİ PİYANGO KIZ YURDU	Muğla	Menteşe	Kız	0(252) 223-89-73
MUĞLA-ORTACA YURDU	Muğla	Milas	Karma	0(252) 282-98-92
MUŞ 1071 ÖĞRENCİ YURDU	Muş	Muş/Merkez	Erkek	—
MUŞ MÜŞTAK BABA ÖĞRENCİ YURDU	Muş	Muş/Merkez	Kız	0(436) 213-03-34
MÜFİDE İLHAN ÖĞRENCİ YURDU	Mersin	Yenişehir/Mersin	Kız	0(324) 502-62-86
MÜKRİME HATUN ÖĞRENCİ YURDU	Eskişehir	Tepebaşı	Kız	0(222) 321-44-32
MÜNEVVER AYAŞLI ÖĞRENCİ YURDU	Samsun	Atakum	Karma	0(362) 457-55-12
MÜNÜR ÖZKURT ÖĞRENCİ YURDU	Trabzon	Akçaabat	Erkek	—
MÜRSEL PAŞA ÖĞRENCİ YURDU	Bingöl	Bingöl/Merkez	Erkek	0(426) 213-10-75
MİHRİ HATUN ÖĞRENCİ YURDU	Isparta	Isparta/Merkez	Kız	0(246) 237-07-53
MİHRİMAH SULTAN ÖĞRENCİ YURDU	Siirt	Siirt/Merkez	Erkek	—
MİLAS ÖĞRENCİ YURDU	Muğla	Milas	Karma	0(252) 502-20-73
MİLLİ İRADE ÖĞRENCİ YURDU	Ankara	Gölbaşı/Ankara	Kız	0(312) 484-94-73
MİMAR SİNAN ÖĞRENCİ YURDU	İstanbul	Maltepe	Erkek	0(216) 371-01-91
NAKŞİDİL VALİDE SULTAN ÖĞRENCİ YURDU	Kilis	Kilis/Merkez	Kız	0(348) 814-70-09
NARMAN ÖĞRENCİ YURDU	Erzurum	Narman	Karma	—
NASREDDİN HOCA ÖĞRENCİ YURDU	Konya	Akşehir	Erkek	—
NAZİLLİ YURDU	Aydın	Nazilli	Erkek	0(256) 315-57-89
NECLA PEKOLCAY ÖĞRENCİ YURDU	Düzce	Konuralp	Kız	—
NEDİME LÜTFİYE GÜNAL ÖĞRENCİ YURDU	Artvin	Arhavi	Karma	0(466) 312-78-50
NEFİSE SULTAN ÖĞRENCİ YURDU	Karaman	Karaman/Merkez	Kız	0(338) 228-00-40
NESİBE HATUN ÖĞRENCİ YURDU	Zonguldak	Kozlu	Kız	0(372) 261-03-13
NEVŞEHİR ERKEK YURDU	Nevşehir	Nevşehir/Merkez	Erkek	0(384) 212-19-18
NEVŞEHİR YURDU	Nevşehir	Nevşehir/Merkez	Kız	0(384) 213-29-85
NEŞET ERTAŞ YURDU	Kırşehir	Kırşehir/Merkez	Erkek	—
NURETTİN TOPÇU ÖĞRENCİ YURDU	Erzurum	Aziziye	Erkek	0(442) 502-50-20
NURİ PAŞA ÖĞRENCİ YURDU MÜDÜRLÜĞÜ	Kars	Kars/Merkez	Kız	0(474) 213-50-44
NUSRAT ÖĞRENCİ YURDU	Çanakkale	Çanakkale/Merkez	Erkek	0(286) 502-00-08
NİKSAR YURDU	Tokat	Niksar	Karma	0(356) 528-00-74
NİLAY AYDOĞAN ÖĞRENCİ YURDU	İstanbul	Büyükçekmece	Kız	—
NİLÜFER HATUN ÖĞRENCİ YURDU	Bursa	Nilüfer	Kız	0(224) 413-74-15
NİYAZİ MISRİ ÖĞRENCİ YURDU	Ardahan	Ardahan/Merkez	Kız	0(478) 211-75-45
NİZİP YURDU	Gaziantep	Nizip	Karma	—
NİĞDE ERTUĞRULGAZİ ÖĞRENCİ YURDU	Niğde	Niğde/Merkez	Erkek	—
NİĞDE MİLLİ PİYANGO YURDU	Niğde	Niğde/Merkez	Erkek	0(388) 225-01-85
OF AŞIKKUTLU YURDU	Trabzon	Of	Erkek	0(462) 771-50-78
OLTU YURDU	Erzurum	Oltu	Karma	0(442) 816-66-85
ONDOKUZ MAYIS ÖĞRENCİ YURDU	Samsun	Ondokuzmayıs	Karma	0(362) 515-0444
ONSEKİZ MART ÖĞRENCİ YURDU	Çanakkale	Çanakkale/Merkez	Kız	0(286) 501-15-05
ORDU LEBİBE-ERGİN KARLIBEL ÖGRENCİ YURDU	Ordu	Altınordu	Kız	0(452) 250-50-83
ORDU YURDU	Ordu	Altınordu	Erkek	0(452) 225-01-77
ORTAHİSAR ÖĞRENCİ YURDU	Trabzon	Ortahisar	Kız	—
ORTAKÖY YURDU	Aksaray	Ortaköy/Aksaray	Karma	0(382) 351-61-21
OSMAN EFENDİ ÖĞRENCİ YURDU	Eskişehir	Odunpazarı	Erkek	0(222) 324-02-21
OSMAN NURİ EFENDİ ERKEK ÖĞRENCİ YURDU	Gümüşhane	Kelkit	Erkek	—
OSMAN NURİ EFENDİ KIZ ÖĞRENCİ YURDU	Gümüşhane	Kelkit	Kız	—
OSMAN TAN ÖĞRENCİ YURDU	Ankara	Çankaya	Erkek	0(312) 544-91-52
OSMANCIK ÖĞRENCİ YURDU	Çorum	Osmancık	Karma	—
OSMANİYE YURDU	Osmaniye	Osmaniye/Merkez	Kız	0(328) 825-29-25
OĞUZELİ ÖĞRENCİ YURDU	Gaziantep	Oğuzeli	Karma	0(342) 571-20-07
OĞUZHAN YAŞAR ÖĞRENCİ YURDU MÜDÜRLÜĞÜ	Erzurum	Aziziye	Erkek	0(442) 502-50-20
OĞUZHAN ÖĞRENCİ YURDU MÜDÜRLÜĞÜ	Burdur	Bucak	Erkek	—
PAMUKKALE YURDU	Denizli	Pamukkale	Kız	0(258) 212-70-95
PASİNLER YURDU	Erzurum	Pasinler	Karma	0(442) 661-25-21
PATNOS YURDU	Ağrı	Patnos	Karma	—
PAZAR ÖĞRENCİ YURDU	Rize	Pazar/Rize	Kız	0(464) 612-51-51
PAZARYERİ ÖĞRENCİ YURDU	Bilecik	Pazaryeri	Kız	0(228) 381-30-74
PERTEVNİYAL SULTAN ÖĞRENCİ YURDU	Kayseri	Talas	Kız	0(352) 431-38-44
PERTEVPAŞA ÖĞRENCİ YURDU	Kocaeli	Körfez	Kız	0(262) 528-55-67
PINARBAŞI ÖĞRENCİ YURDU	Kayseri	Pınarbaşı/Kayseri	Karma	—
PLEVNE ÖĞRENCİ YURDU	Tokat	Tokat/Merkez	Erkek	0(356) 232-97-99
POLATLI YURDU	Ankara	Polatlı	Karma	0(552) 905-12-34
PROF. DR. REMZİ KAYA KIZ ÖĞRENCİ YURDU	Afyonkarahisar	Afyonkarahisar/Merkez	Kız	0(272) 216-62-65
PROF.DR.CEVAT AKŞİT ÖĞRENCİ YURDU	Denizli	Pamukkale	Erkek	—
PROF.DR.HALİL İNALCIK ÖĞRENCİ YURDU	İstanbul	Avcılar	Kız	0(212) 812-32-81
PİR ALİ BEY ÖĞRENCİ YURDU	Bingöl	Bingöl/Merkez	Kız	0(426) 232-70-35
PİR MUHAMMED BAHAEDDİN ÖĞRENCİ YURDU	Erzincan	Erzincan/Merkez	Erkek	0(446) 502-03-99
PİRİ REİS ÖĞRENCİ YURDU	İstanbul	Tuzla	Kız	0(216) 766-48-67
PİRİ SAMİ ÖĞRENCİ YURDU MÜDÜRLÜĞÜ	Erzincan	Erzincan/Merkez	Erkek	0(446) 502-04-12
RABİA HATUN ÖĞRENCİ YURDU	Erzurum	Palandöken	Kız	0(442) 343-03-74
RAHİME SULTAN ÖĞRENCİ YURDU	Sakarya	Serdivan	Kız	0(264) 211-15-56
RAZİYE BEGÜM SULTAN ÖĞRENCİ YURDU	Düzce	Konuralp	Kız	0(380) 541-20-28
REFAHİYE SYDV ÖĞRENCİ YURDU	Erzincan	Refahiye	Karma	0(446) 611-30-19
REVZİYE EREN ÖĞRENCİ YURDU	Bitlis	Ahlat	Kız	—
REYHANLI ÖĞRENCİ YURDU	Hatay	Reyhanlı	Karma	0(326) 503-74-68
REŞADİYE ÖĞRENCİ YURDU	Tokat	Reşadiye	Kız	0(356) 461-50-66
RİZE YEŞİLÇAY YURDU	Rize	Rize/Merkez	Erkek	0(464) 217-03-52
RİZE YURDU	Rize	Pazar/Rize	Kız	—
SABAHATTİN ZAİM ÖĞRENCİ YURDU(SAKARYA)	Sakarya	Serdivan	Kız	0(264) 666-10-71
SABİHA ANNE ÖĞRENCİ YURDU	Çankırı	Çankırı/Merkez	Kız	—
SADREDDİN KONEVİ ÖĞRENCİ YURDU	Konya	Selçuklu	Kız	—
SAFAHAT ÖĞRENCİ YURDU	Burdur	Burdur/Merkez	Kız	—
SAFVAN BİN MUATTAL ÖĞRENCİ YURDU	Adıyaman	Adıyaman/Merkez	Kız	—
SAFİYE HÜSEYİN ÖĞRENCİ YURDU	Çanakkale	Çanakkale/Merkez	Kız	0(286) 218-04-83
SAFİYE SULTAN ÖĞRENCİ YURDU	Afyonkarahisar	Afyonkarahisar/Merkez	Kız	0(272) 228-10-20
SAHABİYE ÖĞRENCİ YURDU	Kayseri	Kocasinan	Erkek	—
SAKARYA YURDU	Sakarya	Serdivan	Kız	0(264) 346-07-43
SALDA ÖĞRENCİ YURDU	Burdur	Burdur/Merkez	Kız	—
SALİH BABA ÖĞRENCİ YURDU	Erzincan	Erzincan/Merkez	Kız	0(446) 212-43-27
SALİHA SULTAN ÖĞRENCİ YURDU	Kırşehir	Kırşehir/Merkez	Kız	0(386) 502-17-00
SALİHLİ ÖĞRENCİ YURDU	Manisa	Salihli	Karma	0(236) 716-37-15
SAMSUN KIZ ÖĞRENCİ YURDU	Samsun	Atakum	Kız	0(362) 457-67-59
SAMSUNLU FATMA ÇAVUŞ ÖĞRENCİ YURDU	Samsun	Atakum	Kız	—
SAMİHA AYVERDİ ÖĞRENCİ YURDU	Kocaeli	İzmit	Kız	0(262) 359-10-36
SAPANCA ÖĞRENCİ YURDU	Sakarya	Sapanca	Kız	—
SARE ANA ÖĞRENCİ YURDU	Elazığ	Elazığ/Merkez	Kız	0(424) 241-12-00
SARE HATUN YURT MÜDÜRLÜĞÜ	Trabzon	Yomra	Kız	0(462) 344-09-86
SARIGÖL ÖĞRENCİ YURDU	Manisa	Sarıgöl	Karma	0(236) 867-11-72
SARIKAMIŞ 100.YIL ŞEHİTLERİ ÖĞRENCİ YURDU	Kars	Sarıkamış	Karma	0(474) 413-78-66
SAİME KADIN ÖĞRENCİ YURDU	Ankara	Mamak	Kız	0(312) 319-02-28
SEBEN İZZET BAYSAL MESLEK YÜKSEKOKULU (MYO) ÖĞRENCİ YURDU	Bolu	Seben	Karma	—
SEDEFKAR MEHMED AĞA ÖĞRENCİ YURDU	Edirne	Edirne/Merkez	Kız	—
SELMAN-I FARİSİ ÖĞRENCİ YURDU	Iğdır	Iğdır/Merkez	Erkek	—
SELİMİYE YURDU	Edirne	Edirne/Merkez	Kız	0(284) 235-77-02
SERHAT ÖĞRENCİ YURDU MÜDÜRLÜĞÜ	Kars	Kars/Merkez	Kız	0(474) 213-60-98
SERİK ÖĞRENCİ YURDU	Antalya	Serik	Karma	0(242) 504-00-32
SEYDİŞEHİR YURDU	Konya	Seydişehir	Karma	—
SEYYİD BURHANEDDİN ÖĞRENCİ YURDU	Kayseri	Talas	Erkek	—
SEYYİD BİLAL ÖĞRENCİ YURDU	Batman	Batman/Merkez	Erkek	0(488) 213-71-01
SEYYİD FEHİM ARVASİ YURDU	Van	Tuşba	Kız	0(432) 225-15-19
SEYYİD VAKKAS ÖĞRENCİ YURDU	Giresun	Giresun/Merkez	Erkek	0(454) 213-14-15
SEYYİD İBRAHİM BİLAL ÖĞRENCİ YURDU	Sinop	Sinop/Merkez	Kız	0(368) 271-51-34
SEYYİDE NEFİSE ÖĞRENCİ YURDU	Bolu	Bolu/Merkez	Kız	0(374) 253-42-20
SEYİT AVŞAR ÖĞRENCİ YURDU	Bolu	Bolu/Merkez	Erkek	0(374) 218-25-20
SOMA ÖĞRENCİ YURDU	Manisa	Soma	Karma	0(236) 612-21-55
SORGUN ÖĞRENCİ YURDU	Yozgat	Sorgun	Karma	—
SOĞUKSU ÖĞRENCİ YURDU	Karabük	Karabük/Merkez	Kız	0(370) 412-11-43
SULTAN ALPARSLAN ÖĞRENCİ YURDU	Muş	Muş/Merkez	Kız	0(436) 213-02-51
SULTAN BABA ÖĞRENCİ YURDU	Kocaeli	Kartepe	Kız	0(262) 353-49-62
SULTAN BAYEZİD ÖĞRENCİ YURDU	Amasya	Amasya/Merkez	Erkek	0(358) 242-08-09
SULTAN DİVANİ ÖĞRENCİ YURDU	Afyonkarahisar	Afyonkarahisar/Merkez	Erkek	0(272) 228-10-03
SULTAN FAHRİYE ÖĞRENCİ YURDU	Bayburt	Bayburt/Merkez	Kız	0(458) 250-18-69
SULTAN I. KILIÇARSLAN ÖĞRENCİ YURDU	Niğde	Niğde/Merkez	Kız	0(388) 225-45-99
SULTAN II. KILIÇARSLAN ÖĞRENCİ YURDU	Niğde	Niğde/Merkez	Kız	—
SULTAN II.MURAT ÖĞRENCİ YURDU	Edirne	Edirne/Merkez	Erkek	0(284) 226-03-83
SULTAN MESUD ÖĞRENCİ YURDU(yeni)	Aksaray	Aksaray/Merkez	Erkek	0(382) 216-15-53
SULTAN VELED ÖĞRENCİ YURDU	Konya	Karapınar	Karma	—
SULTAN ÇELEBİ MEHMET YURT MÜDÜRLÜĞÜ	Edirne	Edirne/Merkez	Erkek	0(284) 235-27-40
SULTANHİSAR ÖĞRENCİ YURDU	Aydın	Sultanhisar	Karma	0(256) 351-34-44
SULUOVA ÖĞRENCİ YURDU	Amasya	Suluova	Kız	0(358) 417-00-64
SUNGURLU ÖĞRENCİ YURDU	Çorum	Sungurlu	Karma	0(364) 311-19-35
SUŞEHRİ YURDU	Sivas	Suşehri	Karma	0(346) 311-50-02
SÖĞÜTLÜ ÖĞRENCİ YURDU	Trabzon	Akçaabat	Erkek	0(462) 248-49-51
SÜLEYMAN BİN HALİD ÖĞRENCİ YURDU	Diyarbakır	Bağlar	Kız	0(412) 502-97-18
SÜLEYMAN ÇELEBİ ÖĞRENCİ YURDU	Bursa	Nilüfer	Erkek	0(224) 504-25-19
SÜLEYMAN ŞAH ÖĞRENCİ YURDU	Van	Tuşba	Erkek	0(432) 225-18-77
SÜLEYMANPAŞA ÖĞRENCİ YURDU	Tekirdağ	Süleymanpaşa	Kız	—
SÜREYYA SÜLÜN HANIM ÖĞRENCİ YURDU	Iğdır	Iğdır/Merkez	Kız	—
SÜTÇÜLER ÖĞRENCİ YURDU	Isparta	Sütçüler	Karma	0(246) 351-24-86
SÜVEYBE ANA ÖĞRENCİ YURDU	Batman	Batman/Merkez	Kız	0(488) 502-44-00
SİLİFKE TAŞUCU ÖĞRENCİ YURDU (YENİ)	Mersin	Silifke	Karma	—
SİMAV ÖĞRENCİ YURDU	Kütahya	Simav	Karma	0(274) 513-95-02
SİNOP YURDU	Sinop	Sinop/Merkez	Kız	0(368) 271-45-38
SİVAS SANCAKTAR ÖĞRENCİ YURDU	Sivas	Sivas/Merkez	Kız	0(346) 219-14-45
SİVEREK ÖĞRENCİ YURDU	Şanlıurfa	Siverek	Karma	0(414) 313-78-07
SİVRİHİSAR ÖĞRENCİ YURDU	Eskişehir	Sivrihisar	Karma	0(222) 711-49-88
SİİRT ERKEK ÖĞRENCİ YURDU	Siirt	Siirt/Merkez	Erkek	—
TACEDDİN VELİ ÖĞRENCİ YURDU	Ankara	Altındağ	Erkek	0(312) 363-41-33
TAHSİN BANGUOĞLU YURDU	Ankara	Çankaya	Erkek	0(312) 287-57-78
TAHİR BÜYÜKKÖRÜKÇÜ ÖĞRENCİ YURDU	Konya	Selçuklu	Erkek	—
TARSUS KIZ ÖĞRENCİ YURDU	Mersin	Tarsus	Kız	0(324) 625-40-90
TARSUS YURDU	Mersin	Tarsus	Erkek	0(324) 614-40-33
TATVAN YURDU	Bitlis	Tatvan	Kız	—
TAVAS ÖĞRENCİ YURDU	Denizli	Tavas	Karma	0(258) 613-41-91
TAYFUR SÖKMEN ÖĞRENCİ YURDU	Hatay	Antakya	Kız	0(326) 245-54-01
TAŞKENT ÖĞRENCİ YURDU	Konya	Taşkent	Karma	—
TECER YURT MÜDÜRLÜĞÜ	Sivas	Sivas/Merkez	Kız	0(346) 217-12-67
TEKİRDAĞ YURDU	Tekirdağ	Süleymanpaşa	Kız	0(282) 293-14-33
TENZİLE ERDOĞAN ÖĞRENCİ YURDU	Rize	Rize/Merkez	Kız	0(464) 253-70-70
TERCAN - M.REFİK ŞİMŞEK YURDU	Erzincan	Tercan	Karma	0(446) 441-31-45
TERMAL ÖĞRENCİ YURDU	Yalova	Termal	Erkek	—
TERME YURDU	Samsun	Terme	Karma	—
TERZİBABA ÖĞRENCİ YURDU	Erzincan	Erzincan/Merkez	Kız	0(446) 236-25-04
TERZİOĞLU KIZ ÖĞRENCİ YURDU	Çanakkale	Çanakkale/Merkez	Kız	—
TOKAT ÖĞRENCİ YURDU	Tokat	Tokat/Merkez	Kız	0(356) 252-17-00
TOKAT İBN-İ KEMAL ÖĞRENCİ YURDU	Tokat	Tokat/Merkez	Kız	0(356) 252-18-05
TOKAT-GAZİOSMANPAŞA YURDU	Tokat	Tokat/Merkez	Erkek	0(356) 214-70-40
TONYA ÖĞRENCİ YURDU	Trabzon	Tonya	Karma	0(462) 881-16-55
TOROSLAR ÖĞRENCİ YURDU	Adana	Sarıçam	Kız	0(322) 502-94-61
TOSYA ÖĞRENCİ YURDU	Kastamonu	Tosya	Kız	—
TRABZON YURDU	Trabzon	Ortahisar	Erkek	0(462) 328-09-30
TRABZON-DOĞU KARADENİZ YURDU	Trabzon	Ortahisar	Kız	0(462) 325-41-41
TUNCELİ YURDU	Tunceli	Tunceli/Merkez	Karma	0(428) 213-24-36
TURGUT REİS ÖĞRENCİ YURDU	Muğla	Menteşe	Erkek	0(252) 502-20-61
TURGUT ÖZAL ÖĞRENCİ YURDU	Samsun	Atakum	Erkek	0(362) 457-57-46
TURGUTLU-SEDAT ÖZCAN YURDU	Manisa	Turgutlu	Erkek	0(236) 312-79-08
TURHAL YURDU	Tokat	Turhal	Karma	0(356) 276-02-19
TÜRKAN HATUN ÖĞRENCİ YURDU	Kırıkkale	Yahşihan	Erkek	—
TÜRKELİ ÖĞRENCİ YURDU MÜDÜRLÜĞÜ	Sinop	Türkeli	Kız	0(368) 671-41-63
TİRE ÖĞRENCİ YURDU MÜDÜRLÜĞÜ	İzmir	Tire	Karma	0(232) 290-24-42
TİREBOLU ÖĞRENCİ YURDU	Giresun	Tirebolu	Karma	0(454) 429-34-65
UKKAŞE ÖĞRENCİ YURDU	Gaziantep	İslahiye	Karma	0(342) 869-10-00
ULU ŞEHİR ÖĞRENCİ YURDU	Bursa	Nilüfer	Kız	0(224) 504-23-07
ULUDAĞ KIZ ÖĞRENCİ YURDU (YENİ)	Bursa	Nilüfer	Kız	0(224) 442-81-30
ULUKIŞLA ÖĞRENCİ YURDU	Niğde	Ulukışla	Karma	—
ULUS YURDU	Ankara	Altındağ	Erkek	0(312) 310-20-90
URLA KIZ ÖĞRENCİ YURDU MÜDÜRLÜĞÜ	İzmir	Urla	Kız	—
URLA YURDU	İzmir	Urla	Erkek	0(232) 765-91-13
UZUN MEHMET ÖĞRENCİ YURDU	Zonguldak	Ereğli/Zonguldak	Karma	0(372) 318-17-16
UZUNKÖPRÜ ÖĞRENCİ YURDU	Edirne	Uzunköprü	Karma	0(284) 518-13-70
UŞAK ERKEK ÖĞRENCİ YURDU	Uşak	Uşak/Merkez	Erkek	0(276) 223-00-74
UŞAK KIZ YURDU	Uşak	Uşak/Merkez	Kız	0(276) 263-40-85
VALİ MUAMMER GÜLER ÖĞRENCİ YURDU	İstanbul	Ataşehir	Kız	0(216) 455-75-71
VALİDEBAĞ ÖĞRENCİ YURDU	İstanbul	Kadıköy	Kız	0(216) 759-81-51
VAN ÖĞRENCİ YURDU	Van	Tuşba	Kız	0(432) 225-15-65
VEYSEL KARANİ ÖĞRENCİ YURDU	Adıyaman	Adıyaman/Merkez	Erkek	0(416) 202-03-07
VEZNECİLER YURDU	İstanbul	Fatih	Kız	0(212) 526-20-10
VEZİRKÖPRÜ ÖĞRENCİ YURDU	Samsun	Vezirköprü	Karma	0(362) 647-10-31
YALOVA YURDU	Yalova	Yalova/Merkez	Erkek	0(226) 814-67-11
YALVAÇ YURDU	Isparta	Yalvaç	Karma	0(246) 441-42-34
YARBAY VECİHİBEY ÖĞRENCİ YURDU	Balıkesir	Bandırma	Kız	0(266) 738-10-96
YAREN ÖĞRENCİ YURDU	Uşak	Uşak/Merkez	Kız	—
YAYLADAĞI ÖĞRENCİ YURDU	Hatay	Yayladağı	Kız	0(326) 471-33-13
YAZIR ÖĞRENCİ YURDU	Konya	Selçuklu	Kız	0(332) 255-34-60
YAĞIBASAN ÖĞRENCİ YURDU MÜDÜRLÜĞÜ	Tokat	Tokat/Merkez	Kız	0(356) 252-18-08
YEDİYAMAN ÖĞRENCİ YURDU	Adıyaman	Adıyaman/Merkez	Erkek	—
YENİMAHALLE ÖĞRENCİ YURDU	Ankara	Yenimahalle	Kız	0(312) 336-00-78
YENİPAZAR YURDU	Aydın	Yenipazar/Aydın	Karma	0(256) 361-47-74
YERKÖY MOLLA HÜSREV ÖĞRENCİ YURDU	Yozgat	Yerköy	Karma	—
YESEVİ ÖĞRENCİ YURDU	Kütahya	Kütahya/Merkez	Erkek	0(274) 265-21-84
YILDIZ ÖĞRENCİ YURDU	Sivas	Sivas/Merkez	Kız	0(346) 217-17-53
YILDIZELİ YURDU	Sivas	Yıldızeli	Karma	0(346) 751-26-61
YILMAZ TURHAN YÜKSEKÖĞRENİM ÖĞRENCİ YURDU	Kayseri	Bünyan	Karma	—
YOMRA ÖĞRENCİ YURDU	Trabzon	Yomra	Kız	0(462) 341-17-58
YOMRA-KANUNİ YURDU	Trabzon	Yomra	Erkek	0(462) 344-10-00
YOZGAT SÜRMELİ ÖĞRENCİ YURDU	Yozgat	Yozgat/Merkez	Kız	0(354) 502-12-10
YOZGAT ÖĞRENCİ YURDU	Yozgat	Yozgat/Merkez	Kız	0(354) 242-10-48
YOZGAT-ESENTEPE ÖGRENCİ YURDU	Yozgat	Yerköy	Erkek	0(354) 212-55-95
YUNUS EMRE YURDU	Ankara	Altındağ	Erkek	0(312) 310-32-43
YUNUS EMRE ÖĞRENCİ YURDU	Eskişehir	Tepebaşı	Kız	0(535) 640-00-89
YUSUF HARPUTİ ÖĞRENCİ YURDU	Bingöl	Bingöl/Merkez	Erkek	—
YÖRÜK ALİ EFE ÖĞRENCİ YURDU	İzmir	Bornova	Erkek	0(232) 388-95-00
ZAHİDÜL KEVSERİ ÖĞRENCİ YURDU	Düzce	Bahçeşehir/Düzce	Kız	—
ZARA ÖĞRENCİ YURDU	Sivas	Zara	Karma	0(346) 816-39-80
ZAĞNOS PAŞA ÖĞRENCİ YURDU	Balıkesir	Bandırma	Erkek	—
ZEYNEP ANA ÖĞRENCİ YURDU	Gümüşhane	Gümüşhane/Merkez	Kız	0(456) 233-70-48
ZONGULDAK YURDU	Zonguldak	Zonguldak/Merkez	Erkek	0(372) 257-34-25
ZONGULDAK-KARAELMAS YURDU	Zonguldak	Zonguldak/Merkez	Kız	0(372) 257-60-83
ZÜBEYDE HANIM YURDU(ANKARA)	Ankara	Yenimahalle	Kız	0(312) 212-00-75
ZÜBEYDE HANIM ÖĞRENCİ YURDU (YENİ)	İzmir	Bornova	Kız	0(232) 502-84-81
ZİLE YURDU	Tokat	Zile	Karma	0(356) 318-07-83
ÇAKABEY ÖĞRENCİ YURDU	İzmir	Buca	Erkek	0(232) 453-24-24
ÇAMLIK ÖĞRENCİ YURDU	Yozgat	Yozgat/Merkez	Erkek	—
ÇAN ÖĞRENCİ YURDU	Çanakkale	Çan	Erkek	0(286) 416-05-13
ÇANAKKALE KIZ ÖĞRENCİ YURDU	Çanakkale	Çanakkale/Merkez	Kız	0(286) 220-00-85
ÇANKIRI YURDU	Çankırı	Çankırı/Merkez	Kız	—
ÇARŞAMBA ERKEK ÖĞRENCİ YURDU	Samsun	Çarşamba	Erkek	—
ÇARŞAMBA ÖĞRENCİ YURDU	Samsun	Çarşamba	Kız	—
ÇAY ÖĞRENCİ YURDU	Afyonkarahisar	Çay	Kız	0(272) 632-40-22
ÇAYCUMA YURDU	Zonguldak	Çaycuma	Karma	—
ÇAYELİ-A.MESUT YILMAZ YURDU	Rize	Çayeli	Karma	0(464) 532-14-28
ÇAYIRLI DAVUT SULARİ ÖĞRENCİ YURDU	Erzincan	Çayırlı	Karma	0(446) 311-22-02
ÇEMBERLİTAŞ YURDU	İstanbul	Fatih	Kız	0(212) 516-32-50
ÇEMİŞGEZEK ÖĞRENCİ YURDU	Tunceli	Çemişgezek	Kız	—
ÇEŞME YURDU	İzmir	Çeşme	Karma	0(232) 724-92-76
ÇINARCIK ÖĞRENCİ YURDU	Yalova	Çınarcık	Kız	0(226) 245-20-66
ÇORLU ERKEK ÖĞRENCİ YURDU	Tekirdağ	Çorlu	Erkek	0(282) 650-18-15
ÇORLU ÖĞRENCİ YURDU	Tekirdağ	Çorlu	Kız	—
ÇORUH ÖĞRENCİ YURDU	Artvin	Artvin/Merkez	Kız	0(466) 238-24-20
ÇUKUROVA ÖĞRENCİ YURDU	Adana	Sarıçam	Erkek	—
ÇUMRA YURDU	Konya	Çumra	Karma	0(332) 447-57-57
ÇİVRİL ÖĞRENCİ YURDU	Denizli	Çivril	Karma	0(258) 713-19-61
ÇİĞLİ ÖĞRENCİ YURDU	İzmir	Çiğli	Erkek	0(232) 329-58-49
ÖMER BİLGİNOĞLU ÖĞRENCİ YURDU	Elazığ	Elazığ/Merkez	Erkek	—
ÖMER HALİSDEMİR ÖĞRENCİ YURDU	Niğde	Niğde/Merkez	Erkek	0(388) 225-25-12
ÖZALP YURDU	Van	Özalp	Karma	—
ÜMMÜ EYÜP ÖĞRENCİ YURDU	Ağrı	Ağrı/Merkez	Kız	0(472) 215-53-80
ÜMMÜ GÜLSÜM ÖĞRENCİ YURDU	Gaziantep	Şehitkamil	Erkek	—
ÜMMÜ HATUN ÖĞRENCİ YURDU	Kırıkkale	Yahşihan	Kız	0(318) 310-10-58
ÜNYE YURDU	Ordu	Ünye	Karma	0(452) 324-29-32
ÜRGÜP ÖĞRENCİ YURDU	Nevşehir	Ürgüp	Kız	0(384) 341-20-43
ÜZÜMLÜ CİMİNLİ BABA ÖĞRENCİ YURDU	Erzincan	Üzümlü	Karma	0(446) 411-20-44
İBN-İ HALDUN ÖĞRENCİ YURDU	Denizli	Pamukkale	Erkek	0(258) 266-60-91
İBN-İ RÜŞD ÖĞRENCİ YURDU	Denizli	Pamukkale	Erkek	0(258) 213-49-75
İBN-İ SİNA ÖĞRENCİ YURDU	Eskişehir	Tepebaşı	Kız	0(222) 290-28-77
İBRAHİM TENNURİ ÖĞRENCİ YURDU	Kayseri	Melikgazi	Erkek	0(352) 271-16-20
İDİL ÖĞRENCİ YURDU	Şırnak	İdil	Karma	—
İLHAN AKINCI ÖĞRENCİ YURDU	Malatya	Battalgazi	Erkek	0(422) 503-00-71
İLKADIM YURDU	Samsun	Atakum	Kız	0(362) 437-76-96
İLİÇ DURSUN YILDIRIM YURT MÜDÜRLÜĞÜ	Erzincan	İliç	Karma	0(446) 711-24-36
İPEKYOLU ÖĞRENCİ YURDU	Kars	Kars/Merkez	Erkek	0(474) 242-66-33
İPSALA ÖĞRENCİ YURDU	Edirne	İpsala	Karma	—
İSABEYLİ YURDU(NAZİLLİ)	Aydın	Nazilli	Kız	0(256) 347-73-96
İSHAK PAŞA ÖĞRENCİ YURDU	Ağrı	Ağrı/Merkez	Erkek	0(472) 215-24-68
İSKENDERUN YURDU	Hatay	İskenderun	Erkek	0(326) 615-25-15
İSKİLİP ÖĞRENCİ YURDU	Çorum	İskilip	Kız	0(364) 511-01-05
İSKİLİPLİ ATIF HOCA ÖĞRENCİ YURDU	Çorum	Çorum/Merkez	Kız	0(364) 333-08-22
İSLAMOĞLU ÖĞRENCİ YURDU	Kütahya	Şaphane	Karma	0(274) 551-00-73
İSMAİL FAKİRULLAH ÖĞRENCİ YURDU	Siirt	Siirt/Merkez	Erkek	—
İSMAİL NECATİ EFENDİ ÖĞRENCİ YURDU	Karabük	Safranbolu	Erkek	0(370) 741-32-77
İSMİNAZ KANCA ÖĞRENCİ YURDU	Trabzon	Sürmene	Erkek	0(462) 746-49-71
İSPİR-VİLAYETLER HİZ.BİRLİĞİ ÖĞRENCİ YURDU	Erzurum	İspir	Karma	0(442) 451-34-60
İSTANBUL- GÜLBAHAR HATUN ÖĞRENCİ YURDU	İstanbul	Güngören	Kız	0(212) 830-82-27
İSTANBUL-BİRUNİ ÖĞRENCİ YURDU	İstanbul	Küçükçekmece	Erkek	0(212) 579-87-29
İYAZ BİN GANEM ÖĞRENCİ YURDU MÜDÜRLÜĞÜ	Diyarbakır	Sur	Kız	0(412) 502-57-44
İYİMAYA ÖĞRENCİ YURDU	İstanbul	Sancaktepe	Kız	0(216) 311-15-23
İZMİR EFELER YURDU	İzmir	Buca	Erkek	—
İZMİR GAZİEMİR ÖĞRENCİ YURDU	İzmir	Gaziemir	Kız	0(232) 274-70-09
İZMİR KIZ ÖĞRENCİ YURDU	İzmir	Buca	Kız	0(232) 440-10-66
İZZEDDİN KEYKAVUS ÖĞRENCİ YURDU	Sivas	Sivas/Merkez	Erkek	0(346) 219-10-80
İZZETPAŞA ÖĞRENCİ YURDU	Elazığ	Elazığ/Merkez	Kız	0(424) 502-04-55
ŞAH SULTAN ÖĞRENCİ YURDU	Artvin	Artvin/Merkez	Erkek	0(466) 212-76-70
ŞAHİDİ KIZ YURDU	Muğla	Menteşe	Kız	0(252) 223-86-12
ŞAHİNBEY ÖĞRENCİ YURDU	Gaziantep	Şehitkamil	Kız	0(342) 503-68-84
ŞANLIURFA YURDU	Şanlıurfa	Haliliye	Kız	0(414) 312-99-52
ŞARKIŞLA MUHSİN YAZICIOĞLU ÖĞRENCİ YURDU	Sivas	Şarkışla	Karma	0(346) 512-20-32
ŞARKİKARAAĞAÇ ÖĞRENCİ YURDU	Isparta	Şarkikaraağaç	Karma	0(246) 411-39-60
ŞAVŞAT ÖĞRENCİ YURDU	Artvin	Şavşat	Kız	0(466) 517-10-24
ŞEBİNKARAHİSAR ÖĞRENCİ YURDU	Giresun	Şebinkarahisar	Karma	—
ŞEHZADE KORKUT ÖĞRENCİ YURDU	Antalya	Konyaaltı	Erkek	0(242) 227-30-54
ŞEHİT BURAK TOK ÖĞRENCİ YURDU	Gümüşhane	Köse	Karma	—
ŞEHİTKAMİL ÖĞRENCİ YURDU	Gaziantep	Şehitkamil	Kız	0(342) 503-66-79
ŞEMS-İ ANA ÖĞRENCİ YURDU MÜDÜRLÜĞÜ	Muğla	Menteşe	Kız	0(252) 502-17-42
ŞEMS-İ BİTLİSİ ÖĞRENCİ YURDU	Bitlis	Bitlis/Merkez	Kız	0(434) 502-42-41
ŞEMSEDDİN SAMİ ÖĞRENCİ YURDU	Kırklareli	Kırklareli/Merkez	Erkek	0(288) 214-41-80
ŞEMSEDDİN SİVÂSÎ ÖĞRENCİ YURDU	Sivas	Sivas/Merkez	Erkek	0(346) 219-11-80
ŞEREF TAŞLIOVA ÖĞRENCİ YURDU	Kars	Kars/Merkez	Kız	0(474) 225-18-45
ŞEREFLİKOÇHİSAR YURDU	Ankara	Şereflikoçhisar	Karma	0(312) 687-95-53
ŞERİFE GELİN ÖĞRENCİ YURDU	Kocaeli	İzmit	Kız	0(262) 359-10-77
ŞEYH EDEBALI ÖĞRENCİ YURDU	Bilecik	Bilecik/Merkez	Erkek	0(228) 212-04-41
ŞEYH ŞABAN-I VELİ ÖĞRENCİ YURDU	Kastamonu	Kastamonu/Merkez	Erkek	—
ŞIRNAK YURDU	Şırnak	Şırnak/Merkez	Erkek	—
ŞUHUT ÖĞRENCİ YURDU	Afyonkarahisar	Şuhut	Karma	—
ŞULE YÜKSEL ŞENLER ÖĞRENCİ YURDU	Kayseri	Talas	Kız	0(352) 503-12-70
ŞİFA HATUN ÖĞRENCİ YURDU	Şanlıurfa	Birecik	Karma	0(414) 502-24-55
ŞİRİN HATUN ÖĞRENCİ YURDU	Bursa	İnegöl	Kız	—
ŞİŞLİ ERKEK ÖĞRENCİ YURDU	İstanbul	Şişli	Erkek	0(212) 222-55-10
